1025,-3.870173,-200.836354,18.386726,-1.318481,0.205811,1.380371,0.171631,0.044922,-0.424683
1026,-9.522638,-185.486470,16.136207,-1.729614,0.375244,1.329590,0.210083,0.032715,-0.369751
1027,-9.522638,-185.486470,26.536445,-1.729614,0.375244,1.329590,0.210083,0.032715,-0.369751
1028,-0.266352,-174.727345,26.536445,-1.729614,0.375244,1.329590,0.210083,0.032715,-0.322876
1029,20.324774,-168.387013,46.506996,-2.026978,0.375488,1.056641,0.227966,0.032410,-0.326843
1030,20.324774,-156.902638,67.479438,-2.026978,0.375488,1.056641,0.227966,0.032410,-0.326843
1031,37.902746,-156.895161,67.479438,-1.945801,0.193115,0.436035,0.235046,0.038818,-0.295166
1032,45.446844,-135.571309,82.926521,-1.945801,0.193115,0.436035,0.235046,0.038818,-0.295166
1033,42.822485,-110.897847,89.543495,-1.945801,0.193115,0.436035,0.235046,0.038818,-0.295166
1034,42.822485,-110.897847,89.543495,-1.926514,-0.030884,0.180054,0.252869,0.051819,-0.272156
1035,32.900762,-88.018818,87.023811,-1.926514,-0.030884,0.180054,0.252869,0.051819,-0.272156
1036,21.109838,-65.745411,75.801124,-1.926514,-0.030884,0.180054,0.252869,0.051819,-0.272156
1037,21.109838,-65.745411,75.801124,-1.792725,-0.195190,0.024292,0.249695,0.043457,-0.269836
1038,12.616186,-44.593525,59.053077,-1.792725,-0.195190,0.024292,0.249695,0.043457,-0.269836
1039,6.806707,-23.486500,40.136756,-1.573975,-0.147217,-0.019165,0.253357,0.046021,-0.245422
1040,6.806707,-23.486500,40.136756,-1.590454,-0.147217,-0.019165,0.253357,0.046021,-0.245422
1041,4.107580,-2.887898,21.377449,-1.590454,-0.147217,-0.019165,0.253357,0.046021,-0.245422
1042,5.969305,15.826549,4.188270,-1.369995,-0.060669,0.061890,0.256653,0.040466,-0.242371
1043,5.969305,15.826549,4.188270,-1.369995,-0.060669,0.061890,0.256653,0.040466,-0.242371
1044,12.474127,32.283000,-11.827050,-1.369995,-0.060669,0.061890,0.256653,0.040466,-0.242371
1045,21.356573,42.346782,-26.025505,-1.248535,0.091064,0.372314,0.270569,0.036072,-0.243530
1046,21.356573,42.346782,-26.025505,-1.248535,0.091064,0.372314,0.270569,0.036072,-0.243530
1047,27.151098,51.954479,-37.098656,-1.248535,0.091064,0.372314,0.276123,0.025818,-0.260925
1048,8.556280,92.404003,-34.100457,-0.652588,0.470825,0.108643,0.276123,0.025818,-0.260925
1049,8.556280,92.404003,-34.100457,-0.652588,0.470825,0.108643,0.276123,0.025818,-0.260925
1050,-17.477961,112.636241,-37.345391,-0.059326,0.489502,1.070435,0.276978,0.015503,-0.234863
1051,-20.393915,110.744609,-38.302422,-0.059326,0.489502,1.070435,0.276978,0.015503,-0.234863
1052,-20.393915,110.744609,-38.302422,-0.059326,0.489502,1.070435,0.276978,0.015503,-0.234863
1053,-25.470667,120.808391,-50.265313,-0.032837,0.053467,0.631836,0.307434,0.000061,-0.254395
1054,-23.145380,151.119365,-60.545922,-0.032837,0.053467,0.631836,0.307434,0.000061,-0.254395
1055,-23.145380,151.119365,-60.545922,-0.032837,0.053467,0.631836,0.307434,0.000061,-0.238770
1056,-6.801081,144.741649,-43.693200,-1.131836,0.481567,1.617065,0.316833,-0.018311,-0.248901
1057,-20.633173,128.187999,-34.025689,-1.131836,0.481567,1.617065,0.316833,-0.018311,-0.248901
1058,-20.633173,128.187999,-34.025689,-1.038086,0.553345,1.381836,0.329041,-0.029236,-0.256348
1059,-36.536341,100.411663,-34.257470,-1.036865,0.553345,1.381836,0.329041,-0.029236,-0.256348
1060,-45.560847,73.928813,-30.608788,-1.036865,0.553345,1.381836,0.329041,-0.029236,-0.256348
1061,-45.560847,73.928813,-30.608788,-0.679443,0.083252,1.236328,0.329407,-0.041016,-0.214355
1062,-45.830012,55.947093,-26.713372,-0.679443,0.083252,1.236328,0.329407,-0.041016,-0.214355
1063,-32.782984,41.614055,-19.393578,-0.741943,0.527832,1.109741,0.337830,-0.045715,-0.214722
1064,-32.782984,25.965099,-14.152337,-0.723877,0.527832,1.109741,0.337830,-0.045715,-0.214722
1065,-26.823969,25.965099,-14.152337,-0.723877,0.527832,1.109741,0.337830,-0.045715,-0.214722
1066,-32.454004,12.686290,-9.643822,-0.504517,0.226440,0.950562,0.345398,-0.049683,-0.209656
1067,-32.454004,6.944103,-6.032525,-0.504517,0.226440,0.950562,0.345398,-0.049683,-0.209656
1068,-25.425806,6.091747,-6.032525,-0.504517,0.226440,0.950562,0.345398,-0.049683,-0.209656
1069,-12.102137,5.411357,-1.995049,-0.501831,0.409668,0.892212,0.341858,-0.051697,-0.210266
1070,-12.102137,5.411357,-1.591301,-0.501831,0.409668,0.892212,0.341858,-0.051697,-0.210266
1071,-9.746943,3.886089,-1.591301,-0.501831,0.409668,0.892212,0.341858,-0.058350,-0.208801
1072,-9.432917,3.504772,-2.144585,-0.462646,0.291870,0.893677,0.343079,-0.058350,-0.208801
1073,-7.518854,2.921581,-1.800652,-0.462646,0.291870,0.893677,0.343079,-0.058350,-0.208801
1074,-6.659022,2.921581,-1.800652,-0.441895,0.269287,0.891235,0.337769,-0.051697,-0.212341
1075,-3.167353,3.272991,-1.052971,-0.441895,0.269287,0.891235,0.337769,-0.051697,-0.212341
1076,-0.071955,4.230022,-0.148278,-0.441895,0.269287,0.891235,0.337769,-0.051697,-0.212341
1077,-0.071955,4.230022,-0.148278,-0.445679,0.254639,0.893799,0.346741,-0.043823,-0.200378
1078,2.851476,4.162731,0.457344,-0.445679,0.254639,0.893799,0.346741,-0.043823,-0.200378
1079,5.191717,4.686107,1.309700,-0.445679,0.254639,0.893799,0.331116,-0.056702,-0.204712
1080,5.191717,4.686107,1.309700,-0.439209,0.276001,0.882202,0.339417,-0.056702,-0.204712
1081,6.545019,4.858074,1.945228,-0.439209,0.276001,0.882202,0.339417,-0.056702,-0.204712
1082,6.141271,4.633770,1.758308,-0.452148,0.317993,0.871704,0.346313,-0.047791,-0.202087
1083,6.141271,4.633770,1.758308,-0.452148,0.317993,0.871704,0.346313,-0.047791,-0.202087
1084,5.049658,3.691692,0.995674,-0.452148,0.317993,0.871704,0.346313,-0.047791,-0.202087
1085,3.472051,3.437480,0.165748,-0.448242,0.324097,0.864502,0.348633,-0.054993,-0.209595
1086,3.472051,3.437480,0.165748,-0.448242,0.324097,0.864502,0.348633,-0.054993,-0.209595
1087,1.894445,2.734661,-0.484734,-0.448242,0.324097,0.864502,0.348633,-0.054993,-0.209595
1088,1.027136,2.831859,-0.993157,-0.443726,0.317749,0.870850,0.346130,-0.050110,-0.196594
1089,1.027136,2.831859,-0.993157,-0.443726,0.317749,0.870850,0.346130,-0.050110,-0.196594
1090,0.279455,2.615032,-1.666069,-0.443726,0.313721,0.869873,0.339050,-0.057800,-0.194946
1091,-0.064478,2.532787,-1.875420,-0.451416,0.313721,0.869873,0.339050,-0.057800,-0.194946
1092,-0.064478,2.532787,-1.875420,-0.451416,0.313721,0.869873,0.339050,-0.057800,-0.194946
1093,-0.251398,2.435588,-2.316552,-0.451904,0.312012,0.881714,0.341797,-0.060608,-0.201111
1094,-0.954218,2.510356,-3.071709,-0.451904,0.312012,0.881714,0.341797,-0.060608,-0.201111
1095,-0.954218,2.510356,-3.071709,-0.451904,0.312012,0.881714,0.341797,-0.060608,-0.201111
1096,-1.118708,2.465496,-3.183861,-0.457764,0.307129,0.880981,0.342834,-0.056641,-0.197327
1097,-0.834589,2.540264,-3.348351,-0.457764,0.307129,0.880981,0.342834,-0.056641,-0.197327
1098,-0.834589,2.540264,-3.348351,-0.457764,0.307129,0.880981,0.342834,-0.055359,-0.198059
1099,-0.662623,2.338390,-3.355828,-0.453979,0.305542,0.873047,0.336426,-0.055359,-0.198059
1100,-0.012140,2.742137,-3.557702,-0.453979,0.305542,0.873047,0.336426,-0.055359,-0.198059
1101,-0.012140,2.742137,-3.557702,-0.451782,0.297119,0.879761,0.349731,-0.041138,-0.192078
1102,-0.071955,2.996349,-3.572655,-0.451782,0.297119,0.879761,0.349731,-0.041138,-0.192078
1103,0.466375,3.616924,-3.983880,-0.451782,0.297119,0.879761,0.349731,-0.041138,-0.192078
1104,0.466375,3.616924,-3.983880,-0.456543,0.297729,0.873657,0.346069,-0.052124,-0.196716
1105,0.728063,4.102916,-4.081078,-0.456543,0.297729,0.873657,0.346069,-0.052124,-0.196716
1106,1.049566,4.401989,-4.133416,-0.456543,0.297729,0.873657,0.346069,-0.052124,-0.196716
1107,1.049566,4.401989,-4.133416,-0.436523,0.297119,0.871948,0.358643,-0.032959,-0.172363
1108,0.563574,5.859966,-4.380150,-0.436523,0.297119,0.871948,0.358643,-0.032959,-0.172363
1109,1.475744,6.929149,-4.380150,-0.436523,0.289795,0.872803,0.388000,-0.044067,-0.199341
1110,1.475744,6.929149,-4.380150,-0.457153,0.289795,0.872803,0.388000,-0.044067,-0.199341
1111,2.126226,7.430095,-4.896050,-0.457153,0.289795,0.872803,0.388000,-0.044067,-0.199341
1112,1.969213,8.297405,-5.524102,-0.455444,0.304443,0.874756,0.381104,-0.110535,-0.232849
1113,1.969213,8.297405,-5.524102,-0.455444,0.304443,0.874756,0.381104,-0.110535,-0.232849
1114,1.939306,9.845104,-5.942803,-0.455444,0.304443,0.874756,0.381104,-0.110535,-0.232849
1115,1.520605,11.437664,-6.316643,-0.447144,0.302612,0.864258,0.339294,-0.102295,-0.223755
1116,1.520605,11.437664,-6.316643,-0.447144,0.302612,0.864258,0.339294,-0.102295,-0.223755
1117,1.086950,13.336772,-6.623192,-0.447144,0.302612,0.868286,0.337830,-0.075439,-0.214050
1118,1.288824,13.516216,-6.593285,-0.475220,0.286011,0.868286,0.337830,-0.075439,-0.214050
1119,1.288824,13.516216,-6.593285,-0.475220,0.286011,0.868286,0.337830,-0.075439,-0.214050
1120,2.208471,14.705028,-6.361504,-0.477905,0.283081,0.867432,0.330750,-0.060547,-0.211060
1121,3.382330,16.080760,-6.406365,-0.477905,0.283081,0.867432,0.330750,-0.060547,-0.211060
1122,3.382330,16.080760,-6.406365,-0.477905,0.283081,0.867432,0.330750,-0.060547,-0.211060
1123,4.055242,17.665843,-6.683007,-0.480957,0.302124,0.863403,0.336548,-0.054626,-0.202148
1124,4.414129,19.213542,-7.258721,-0.480957,0.302124,0.863403,0.336548,-0.054626,-0.202148
1125,4.414129,19.213542,-7.258721,-0.480957,0.302124,0.863403,0.336548,-0.054626,-0.202148
1126,5.101995,21.725749,-7.535363,-0.484619,0.302002,0.868652,0.345581,-0.051819,-0.205017
1127,6.111364,24.327678,-8.933526,-0.484619,0.302002,0.868652,0.345581,-0.051819,-0.205017
1128,6.111364,24.327678,-8.933526,-0.484619,0.307617,0.855713,0.340271,-0.055359,-0.212585
1129,6.881475,26.742687,-9.980278,-0.496582,0.307617,0.855713,0.340271,-0.055359,-0.212585
1130,7.068395,28.813762,-10.496178,-0.496582,0.307617,0.855713,0.340271,-0.055359,-0.212585
1131,7.068395,28.813762,-10.496178,-0.498779,0.309937,0.851074,0.355530,-0.049316,-0.217041
1132,7.606726,31.595134,-11.647606,-0.498779,0.309937,0.851074,0.355530,-0.049316,-0.217041
1133,8.974981,34.638195,-12.589684,-0.498779,0.309937,0.851074,0.355530,-0.049316,-0.201965
1134,8.974981,34.638195,-12.589684,-0.510132,0.308838,0.846680,0.348755,-0.049072,-0.201965
1135,9.774999,38.114910,-13.845787,-0.510132,0.308838,0.846680,0.348755,-0.049072,-0.201965
1136,12.040472,42.937450,-15.281334,-0.513916,0.301514,0.850220,0.347900,-0.040283,-0.219177
1137,12.040472,42.937450,-15.281334,-0.513916,0.301514,0.850220,0.347900,-0.040283,-0.219177
1138,14.066686,48.642253,-16.627160,-0.513916,0.301514,0.850220,0.347900,-0.040283,-0.219177
1139,16.698522,53.950786,-17.359887,-0.529663,0.289795,0.837402,0.355286,-0.039978,-0.224304
1140,16.698522,53.950786,-17.359887,-0.529663,0.289795,0.837402,0.355286,-0.039978,-0.224304
1141,19.614477,60.149059,-18.092614,-0.529663,0.289795,0.837402,0.355286,-0.039978,-0.224304
1142,22.665014,66.818370,-19.012261,-0.533691,0.294067,0.832153,0.354248,-0.033447,-0.228394
1143,22.665014,66.818370,-19.012261,-0.533691,0.294067,0.832153,0.354248,-0.033447,-0.228394
1144,25.984716,74.691448,-19.715081,-0.533691,0.294067,0.832153,0.354553,-0.034424,-0.251465
1145,28.624029,83.798198,-21.105767,-0.533813,0.301514,0.824585,0.354553,-0.034424,-0.251465
1146,28.624029,83.798198,-21.105767,-0.533813,0.301514,0.824585,0.354553,-0.034424,-0.251465
1147,31.405401,94.460124,-22.608605,-0.510254,0.318604,0.839600,0.345459,-0.028687,-0.243713
1148,34.440985,108.307170,-24.694634,-0.510254,0.318604,0.839600,0.345459,-0.028687,-0.243713
1149,34.440985,108.307170,-24.694634,-0.510254,0.318604,0.839600,0.345459,-0.028687,-0.243713
1150,36.145696,125.967388,-29.135857,-0.500366,0.408569,0.845093,0.352722,-0.018616,-0.263000
1151,34.971838,144.136028,-38.010827,-0.500366,0.408569,0.845093,0.352722,-0.018616,-0.263000
1152,34.971838,144.136028,-38.010827,-0.500366,0.408569,0.845093,0.352722,-0.016907,-0.283203
1153,33.147497,165.258007,-49.308281,-0.539673,0.377441,0.794067,0.342957,-0.016907,-0.283203
1154,30.224066,189.415569,-64.695549,-0.539673,0.377441,0.794067,0.342957,-0.016907,-0.283203
1155,30.224066,189.415569,-64.695549,-0.919189,0.284424,0.742920,0.346008,0.002563,-0.303650
1156,31.121282,224.070568,-82.288475,-0.919189,0.284424,0.742920,0.346008,0.002563,-0.303650
1157,25.805273,242.814922,-95.709343,-0.919189,0.284424,0.742920,0.346008,0.002563,-0.303650
1158,25.805273,242.814922,-95.709343,-0.816040,0.312988,0.748169,0.330505,0.014893,-0.310913
1159,27.495031,243.278484,-102.857171,-0.816040,0.312988,0.748169,0.330505,0.014893,-0.310913
1160,39.996252,243.278484,-101.466484,-0.816040,0.312988,1.060669,0.308960,0.039185,-0.352844
1161,47.652502,243.278484,-95.260735,-1.301636,0.489136,1.033569,0.308960,0.039185,-0.352844
1162,47.510443,243.278484,-95.260735,-1.301636,0.489136,1.033569,0.308960,0.039185,-0.352844
1163,48.639440,243.278484,-84.509087,-1.627197,0.537231,0.947510,0.289429,0.065369,-0.356812
1164,48.639440,242.837352,-76.000481,-1.627197,0.537231,0.947510,0.289429,0.065369,-0.356812
1165,54.919958,242.837352,-76.000481,-1.627197,0.537231,0.947510,0.289429,0.065369,-0.356812
1166,67.219305,222.829418,-71.267662,-1.425293,0.638062,0.974854,0.257690,0.093445,-0.375732
1167,79.855108,173.273143,-67.461968,-1.425293,0.638062,0.974854,0.257690,0.093445,-0.375732
1168,79.855108,173.273143,-67.461968,-1.425293,0.638062,0.974854,0.257690,0.137207,-0.398193
1169,72.011938,115.776500,-65.630150,-1.152588,0.711304,1.260132,0.239929,0.137207,-0.398193
1170,82.823400,111.305370,-70.669518,-1.152588,0.711304,1.260132,0.239929,0.137207,-0.398193
1171,82.823400,111.305370,-70.669518,-0.787354,0.364014,2.178345,0.212036,0.182556,-0.396484
1172,101.492987,39.819622,-97.159844,-0.787354,0.364014,2.178345,0.212036,0.182556,-0.396484
1173,78.314886,-74.179249,-132.248497,-0.787354,0.364014,2.178345,0.212036,0.182556,-0.396484
1174,78.314886,-74.179249,-132.248497,-0.577393,0.229492,1.387573,0.216431,0.227844,-0.379395
1175,64.594946,-120.632649,-164.727745,-0.577393,0.229492,1.387573,0.216431,0.227844,-0.379395
1176,65.163183,-159.280262,-166.858635,-0.577393,0.229492,1.387573,0.216431,0.227844,-0.379395
1177,65.163183,-159.280262,-166.858635,-0.085571,0.447632,0.799683,0.232666,0.278687,-0.376465
1178,53.738622,-183.049031,-160.563164,-0.085571,0.447632,0.799683,0.232666,0.278687,-0.376465
1179,30.769872,-178.293782,-153.220940,-0.085571,0.447632,0.491333,0.257080,0.334839,-0.389954
1180,31.771765,-178.293782,-153.220940,-0.075684,0.932861,0.491333,0.257080,0.334839,-0.389954
1181,1.498174,-173.889943,-132.689629,-0.075684,0.932861,0.491333,0.257080,0.334839,-0.389954
1182,-25.081873,-177.411519,-93.159752,-0.251587,1.192871,0.659912,0.302673,0.382141,-0.386780
1183,-25.081873,-177.411519,-93.159752,-0.251587,1.192871,0.659912,0.302673,0.382141,-0.386780
1184,-41.672907,-185.508900,-45.143700,-0.251587,1.192871,0.659912,0.302673,0.382141,-0.386780
1185,-43.586970,-189.247303,0.651741,-0.158936,0.897827,0.562134,0.379333,0.406128,-0.390564
1186,-42.921534,-189.247303,0.651741,-0.158936,0.897827,0.562134,0.379333,0.406128,-0.390564
1187,-28.065119,-187.019215,40.555458,-0.158936,0.897827,0.578857,0.469971,0.394043,-0.315613
1188,-3.743067,-184.574299,72.204780,-0.231812,0.520996,0.578857,0.469971,0.394043,-0.315613
1189,-3.743067,-184.574299,72.204780,-0.231812,0.520996,0.578857,0.469971,0.394043,-0.315613
1190,18.156500,-184.058400,94.844551,-0.414185,0.444946,0.734375,0.528503,0.330994,-0.230347
1191,26.904363,-186.518269,107.390632,-0.414185,0.444946,0.734375,0.528503,0.330994,-0.230347
1192,26.904363,-186.518269,107.390632,-0.414185,0.444946,0.734375,0.528503,0.330994,-0.230347
1193,25.461340,-194.795094,113.050575,-0.643188,0.334961,0.937622,0.554443,0.279419,-0.145813
1194,22.119207,-205.165425,113.155250,-0.643188,0.334961,0.937622,0.554443,0.279419,-0.145813
1195,22.119207,-205.165425,113.155250,-0.643188,0.334961,0.937622,0.554443,0.248169,-0.074219
1196,24.878149,-213.793660,109.962654,-0.826172,0.162109,1.018677,0.548035,0.245483,-0.074219
1197,30.814733,-219.842396,105.835456,-0.826172,0.162109,1.018677,0.548035,0.245483,-0.074219
1198,30.814733,-219.842396,105.835456,-0.994141,0.369995,0.940308,0.525146,0.220093,0.016602
1199,30.141821,-221.150837,103.712043,-0.994141,0.369995,0.940308,0.525146,0.220093,0.016602
1200,16.705999,-215.550709,105.566291,-0.994141,0.369995,0.940308,0.525146,0.220093,0.016602
1201,16.705999,-215.550709,105.566291,-1.110107,0.651489,0.881348,0.482300,0.190613,0.096313
1202,-4.490748,-204.933644,114.284248,-1.110107,0.651489,0.881348,0.482300,0.190613,0.096313
1203,-22.121058,-191.206227,126.680793,-1.110107,0.651489,0.881348,0.482300,0.184753,0.166809
1204,-22.121058,-191.206227,126.680793,-1.198608,0.713257,0.929932,0.400818,0.184753,0.166809
1205,-28.947382,-175.549794,139.877357,-1.198608,0.713257,0.929932,0.400818,0.184753,0.166809
1206,-22.950983,-164.611226,157.933845,-1.543091,0.902832,1.088501,0.304382,0.185364,0.179810
1207,-22.950983,-164.611226,157.933845,-1.543091,0.902832,1.088501,0.304382,0.185364,0.179810
1208,-16.154566,-156.977406,184.648475,-1.543091,0.902832,1.088501,0.304382,0.185364,0.179810
1209,-22.674341,-146.547261,215.325813,-1.721313,1.170410,0.848145,0.205566,0.189941,0.127441
1210,-22.674341,-146.547261,215.325813,-1.721313,1.170410,0.848145,0.205566,0.189941,0.127441
1211,-38.181238,-130.943165,241.046028,-1.721313,1.170410,0.848145,0.205566,0.189941,0.127441
1212,-51.071253,-111.241780,245.696601,-1.857544,1.022827,0.640259,0.168335,0.228760,0.048523
1213,-51.071253,-111.241780,245.696601,-1.857544,1.022827,0.640259,0.168335,0.228760,0.048523
1214,-57.635889,-90.224476,245.696601,-1.857544,0.836792,0.504761,0.181274,0.260742,-0.036316
1215,-64.050989,-70.687581,245.696601,-1.947144,0.836792,0.504761,0.181274,0.260742,-0.036316
1216,-64.050989,-70.687581,245.696601,-1.947144,0.836792,0.504761,0.181274,0.260742,-0.036316
1217,-70.226832,-52.631093,245.696601,-1.904175,0.575073,0.324707,0.280579,0.274109,-0.055542
1218,-71.639948,-34.484883,245.696601,-1.904175,0.575073,0.324707,0.280579,0.274109,-0.055542
1219,-71.639948,-34.484883,245.696601,-1.904175,0.575073,0.324707,0.280579,0.274109,-0.055542
1220,-64.095850,-16.712513,245.696601,-1.813354,0.380859,0.248169,0.367798,0.224609,-0.006348
1221,-50.570307,-0.637379,245.696601,-1.813354,0.380859,0.248169,0.367798,0.224609,-0.006348
1222,-50.570307,-0.637379,245.696601,-1.813354,0.380859,0.279419,0.406433,0.145081,0.109070
1223,-37.216730,13.882579,245.696601,-1.725220,0.383301,0.251343,0.406433,0.145081,0.109070
1224,-27.152949,25.314617,244.059181,-1.725220,0.383301,0.251343,0.406433,0.145081,0.109070
1225,-27.152949,25.314617,228.746681,-1.610840,0.406494,0.288452,0.406555,0.086304,0.154785
1226,-21.343470,33.516674,229.142952,-1.610840,0.406494,0.288452,0.406555,0.086304,0.154785
1227,-19.982691,38.952312,208.372383,-1.610840,0.406494,0.288452,0.406555,0.086304,0.154785
1228,-19.982691,38.952312,189.231758,-1.407959,0.336792,0.289795,0.384583,0.041382,0.218384
1229,-19.025660,44.387950,188.528938,-1.407959,0.336792,0.289795,0.384583,0.041382,0.218384
1230,-17.223749,50.182476,169.650001,-1.407959,0.336792,0.289795,0.384583,0.041382,0.249634
1231,-17.223749,50.182476,150.509376,-1.244751,0.288208,0.318604,0.354492,0.007935,0.247192
1232,-15.421839,54.369487,150.658912,-1.244751,0.288208,0.318604,0.354492,0.007935,0.247192
1233,-14.292841,57.569561,131.353797,-1.086548,0.266479,0.352051,0.343262,-0.009766,0.269470
1234,-14.292841,57.569561,131.353797,-1.086548,0.266479,0.352051,0.343262,-0.009766,0.269470
1235,-11.451655,60.373363,111.966438,-1.086548,0.266479,0.352051,0.343262,-0.009766,0.269470
1236,-2.778559,65.838909,92.257576,-0.938110,-0.033447,0.343140,0.341614,-0.029053,0.300659
1237,-2.778559,65.838909,92.257576,-0.938110,-0.033447,0.343140,0.341614,-0.029053,0.300659
1238,22.164068,86.863689,80.242347,-0.938110,-0.033447,0.343140,0.341614,-0.029053,0.300659
1239,11.890936,103.080883,73.057136,-0.562500,0.529907,0.448853,0.363831,-0.048889,0.323975
1240,11.890936,103.080883,71.143074,-0.562500,0.529907,0.448853,0.363831,-0.048889,0.323975
1241,-7.930079,111.372661,69.864540,-0.562500,0.529907,0.948853,0.392822,-0.074463,0.342407
1242,0.855169,104.045391,70.866432,-0.296875,0.106323,0.966797,0.392822,-0.074463,0.342407
1243,2.769232,118.034496,61.049385,-0.296875,0.106323,0.966797,0.392822,-0.074463,0.342407
1244,2.171087,118.034496,61.049385,-0.393921,-0.373047,1.246460,0.432434,-0.091919,0.381348
1245,-43.504725,140.763988,11.029548,-0.393921,-0.373047,1.246460,0.432434,-0.091919,0.381348
1246,-70.301600,95.514354,-42.556725,-0.393921,-0.373047,1.246460,0.432434,-0.091919,0.381348
1247,-70.638056,95.514354,-42.556725,-1.306885,-0.217041,2.260132,0.450256,-0.083557,0.428223
1248,-34.218531,12.387218,-23.558159,-1.306885,-0.217041,2.260132,0.450256,-0.083557,0.428223
1249,-34.218531,11.691875,-21.060906,-1.306885,-0.217041,2.260132,0.465881,-0.075867,0.462830
1250,-30.846491,11.691875,-21.060906,-0.359741,1.234497,0.693237,0.459290,-0.075867,0.462830
1251,-48.177729,39.206523,-16.440239,-0.359741,1.234497,0.693237,0.459290,-0.075867,0.462830
1252,-34.554987,25.157604,-13.569146,-0.588623,-0.238525,1.169556,0.465271,-0.073425,0.464783
1253,-34.554987,25.157604,-13.569146,-0.588623,-0.238525,1.169556,0.465271,-0.073425,0.464783
1254,-6.404810,14.936809,-7.423211,-0.588623,-0.238525,1.169556,0.465271,-0.073425,0.464783
1255,0.032720,3.773937,-2.585717,-0.538452,0.530273,0.865479,0.470825,-0.066528,0.481018
1256,0.032720,3.773937,-2.585717,-0.538452,0.530273,0.865479,0.470825,-0.066528,0.481018
1257,-3.967371,4.663677,-2.069817,-0.538452,0.530273,0.865479,0.470825,-0.068787,0.474731
1258,-0.505610,3.601970,-1.830559,-0.458618,0.271362,0.898926,0.469971,-0.068787,0.474731
1259,-0.505610,3.601970,-1.830559,-0.458618,0.271362,0.898926,0.469971,-0.068787,0.474731
1260,-1.679468,3.115978,-2.137108,-0.473877,0.265869,0.895386,0.474304,-0.068115,0.490051
1261,-3.563624,2.375774,-2.600670,-0.473877,0.265869,0.895386,0.474304,-0.068115,0.490051
1262,-3.563624,2.375774,-2.600670,-0.473877,0.265869,0.895386,0.474304,-0.068115,0.490051
1263,-3.728113,1.755199,-2.436181,-0.480713,0.257080,0.899658,0.472046,-0.071045,0.468811
1264,-3.100062,1.912212,-1.920281,-0.480713,0.257080,0.899658,0.472046,-0.071045,0.468811
1265,-3.100062,1.912212,-1.920281,-0.480713,0.257080,0.900757,0.468689,-0.074219,0.491150
1266,-2.464533,2.166423,-1.501580,-0.456421,0.254639,0.900757,0.468689,-0.074219,0.491150
1267,-2.606592,1.687908,-1.553917,-0.456421,0.254639,0.900757,0.468689,-0.074219,0.491150
1268,-2.606592,1.687908,-1.553917,-0.446045,0.248779,0.898071,0.475342,-0.067078,0.488281
1269,-2.554255,1.852397,-1.867943,-0.446045,0.248779,0.898071,0.475342,-0.067078,0.488281
1270,-2.554255,2.151470,-1.553917,-0.446045,0.248779,0.898071,0.475342,-0.067078,0.488281
1271,-2.733698,1.859874,-1.710930,-0.446655,0.245239,0.889160,0.474060,-0.074402,0.489319
1272,-2.733698,1.859874,-1.710930,-0.446655,0.245239,0.889160,0.474060,-0.074402,0.489319
1273,-2.576685,1.672954,-1.793175,-0.456909,0.239380,0.893066,0.475159,-0.069641,0.470581
1274,-2.748652,1.702861,-1.860466,-0.456909,0.239380,0.893066,0.475159,-0.069641,0.470581
1275,-2.748652,1.702861,-1.860466,-0.456909,0.239380,0.893066,0.475159,-0.069641,0.470581
1276,-2.344904,1.672954,-2.017479,-0.456665,0.239868,0.894775,0.477539,-0.066345,0.500244
1277,-2.793513,1.284160,-1.860466,-0.456665,0.239868,0.894775,0.477539,-0.066345,0.500244
1278,-2.793513,1.284160,-1.860466,-0.456665,0.239868,0.894775,0.477539,-0.066345,0.500244
1279,-2.217798,0.992565,-1.613732,-0.460083,0.229980,0.894165,0.471863,-0.069885,0.483887
1280,-2.412195,0.902843,-1.524010,-0.460083,0.229980,0.894165,0.471863,-0.069885,0.483887
1281,-2.412195,0.902843,-1.524010,-0.460083,0.261230,0.887695,0.474487,-0.066956,0.495239
1282,-2.516871,0.282268,-1.426812,-0.455566,0.250610,0.887695,0.474487,-0.066956,0.495239
1283,-3.683253,-0.570088,-1.374474,-0.455566,0.250610,0.887695,0.474487,-0.066956,0.495239
1284,-3.683253,-0.570088,-1.374474,-0.459229,0.259277,0.887939,0.479980,-0.067017,0.497803
1285,-5.260859,-1.280385,-2.114678,-0.459229,0.259277,0.887939,0.479980,-0.067017,0.497803
1286,-6.659022,-1.871052,-2.630578,-0.459229,0.259277,0.887939,0.479980,-0.067017,0.497803
1287,-6.659022,-1.871052,-2.630578,-0.454102,0.245850,0.887695,0.466309,-0.066223,0.504456
1288,-7.945032,-2.371998,-2.697869,-0.454102,0.245850,0.887695,0.466309,-0.066223,0.504456
1289,-9.014216,-2.603779,-3.034325,-0.454102,0.245850,0.887695,0.466309,-0.066223,0.500244
1290,-9.014216,-2.603779,-3.034325,-0.454712,0.240112,0.891846,0.475952,-0.067688,0.500244
1291,-9.993677,-2.723408,-3.482933,-0.454712,0.240112,0.891846,0.475952,-0.067688,0.500244
1292,-10.539484,-3.598195,-3.520317,-0.448975,0.211914,0.893799,0.477966,-0.062195,0.514648
1293,-10.539484,-3.598195,-3.520317,-0.448975,0.211914,0.893799,0.477966,-0.062195,0.514648
1294,-9.851618,-2.977620,-3.041802,-0.448975,0.211914,0.893799,0.477966,-0.062195,0.514648
1295,-8.887110,-2.865468,-2.810021,-0.453735,0.216797,0.895386,0.473877,-0.064819,0.498291
1296,-8.887110,-2.865468,-2.810021,-0.453735,0.216797,0.895386,0.473877,-0.064819,0.498291
1297,-8.124476,-2.760792,-2.802544,-0.453735,0.216797,0.895386,0.473877,-0.064819,0.520813
1298,-6.718836,-2.409382,-2.264214,-0.452881,0.203003,0.896973,0.472656,-0.062378,0.520813
1299,-6.718836,-2.409382,-2.264214,-0.452881,0.203003,0.896973,0.472656,-0.062378,0.520813
1300,-5.387964,-2.274800,-1.269799,-0.447021,0.192871,0.897827,0.482971,-0.054993,0.503967
1301,-3.817835,-1.953297,-0.731469,-0.447021,0.192871,0.897827,0.482971,-0.054993,0.503967
1302,-3.817835,-1.953297,-0.731469,-0.447021,0.192871,0.897827,0.482971,-0.054993,0.503967
1303,-2.860804,-1.265431,-0.110894,-0.454590,0.192139,0.897461,0.485535,-0.048462,0.501282
1304,-2.000971,-0.562611,0.158271,-0.454590,0.192139,0.897461,0.485535,-0.048462,0.501282
1305,-2.000971,-0.562611,0.158271,-0.454590,0.192139,0.897461,0.485535,-0.048462,0.501282
1306,-1.028986,-1.018696,0.502204,-0.428223,0.217773,0.895142,0.478149,-0.050537,0.502136
1307,-1.305628,-0.704670,0.218086,-0.428223,0.217773,0.895142,0.478149,-0.050537,0.502136
1308,-1.305628,-0.704670,0.218086,-0.428223,0.217773,0.895142,0.478149,-0.055359,0.518250
1309,-1.858912,-0.764485,0.262947,-0.443726,0.221313,0.896118,0.478638,-0.055359,0.518250
1310,-2.307520,-1.130848,0.285377,-0.443726,0.221313,0.896118,0.478638,-0.055359,0.518250
1311,-2.307520,-1.130848,0.285377,-0.447632,0.226807,0.894653,0.477722,-0.052734,0.516846
1312,-2.165461,-0.936451,0.135841,-0.447632,0.226807,0.894653,0.477722,-0.052734,0.516846
1313,-2.591639,-0.719624,-0.058556,-0.447632,0.226807,0.894653,0.477722,-0.052734,0.516846
1314,-2.591639,-0.719624,-0.058556,-0.443359,0.220459,0.902832,0.473022,-0.055725,0.504822
1315,-2.815943,-0.966359,-0.215569,-0.443359,0.220459,0.902832,0.473022,-0.055725,0.504822
1316,-2.546778,-0.891591,-0.559502,-0.443359,0.220459,0.902832,0.473022,-0.055725,0.504822
1317,-2.546778,-0.891591,-0.559502,-0.448120,0.213257,0.899658,0.469666,-0.055420,0.502869
1318,-2.726221,-0.854207,-0.095940,-0.448120,0.213257,0.899658,0.469666,-0.055420,0.502869
1319,-2.000971,-0.599995,-0.409966,-0.448120,0.207153,0.906860,0.474121,-0.052185,0.499268
1320,-2.000971,-0.599995,-0.409966,-0.450317,0.207153,0.906860,0.474121,-0.052185,0.499268
1321,-1.148615,-0.495320,-0.208092,-0.450317,0.207153,0.906860,0.474121,-0.052185,0.499268
1322,0.907507,-0.749531,0.300331,-0.461304,0.227295,0.900146,0.471741,-0.054077,0.510803
1323,0.907507,-0.749531,0.300331,-0.461304,0.227295,0.900146,0.471741,-0.054077,0.510803
1324,2.425299,-0.570088,0.554542,-0.461304,0.227295,0.900146,0.471741,-0.054077,0.510803
1325,2.701940,-0.480366,0.247993,-0.444214,0.234009,0.896118,0.476013,-0.058655,0.496033
1326,2.701940,-0.480366,0.247993,-0.444214,0.234009,0.896118,0.476013,-0.058655,0.496033
1327,2.986059,-0.727101,0.143318,-0.444214,0.234009,0.896118,0.477356,-0.053406,0.504150
1328,3.158026,-0.771962,0.464820,-0.449829,0.229370,0.891235,0.477356,-0.053406,0.504150
1329,3.158026,-0.771962,0.464820,-0.449829,0.229370,0.891235,0.477356,-0.053406,0.504150
1330,2.829046,-0.996266,0.405006,-0.439209,0.229736,0.897705,0.477295,-0.058044,0.507751
1331,2.402868,-1.130848,0.644264,-0.439209,0.229736,0.897705,0.477295,-0.058044,0.507751
1332,2.402868,-1.130848,0.644264,-0.439209,0.229736,0.897705,0.477295,-0.058044,0.507751
1333,1.528082,-0.876637,1.167640,-0.433228,0.205811,0.897949,0.483032,-0.061523,0.497253
1334,0.735540,-0.906544,1.638679,-0.433228,0.205811,0.897949,0.483032,-0.061523,0.497253
1335,0.735540,-0.906544,1.638679,-0.433228,0.205811,0.897949,0.483032,-0.063904,0.491638
1336,0.488806,-1.003743,1.885414,-0.435059,0.221680,0.906128,0.477478,-0.063904,0.491638
1337,0.331793,-1.243001,1.885414,-0.435059,0.221680,0.906128,0.477478,-0.063904,0.491638
1338,0.331793,-1.243001,1.885414,-0.408691,0.216431,0.890015,0.482483,-0.057068,0.490845
1339,-0.348597,-1.676655,1.317176,-0.408691,0.216431,0.890015,0.482483,-0.057068,0.490845
1340,-1.888819,-1.429921,0.823707,-0.408691,0.216431,0.890015,0.482483,-0.057068,0.490845
1341,-1.888819,-1.429921,-1.090355,-0.418213,0.201416,0.887085,0.480957,-0.062622,0.491882
1342,-3.264551,-1.975728,0.165748,-0.418213,0.201416,0.887085,0.480957,-0.062622,0.491882
1343,-4.012232,-2.132740,-0.566979,-0.418213,0.201416,0.887085,0.480957,-0.061401,0.479919
1344,-4.012232,-2.132740,-0.723992,-0.417725,0.172485,0.900391,0.474121,-0.061401,0.479919
1345,-4.401026,-2.087880,-0.723992,-0.417725,0.172485,0.900391,0.474121,-0.061401,0.479919
1346,-4.939356,-2.207509,-0.948296,-0.417969,0.195557,0.893555,0.481689,-0.063782,0.496216
1347,-4.939356,-2.207509,-1.314660,-0.417969,0.195557,0.893555,0.481689,-0.063782,0.496216
1348,-5.948725,-1.878529,-1.314660,-0.417969,0.195557,0.893555,0.481689,-0.063782,0.496216
1349,-7.399225,-1.983204,-1.621209,-0.430176,0.203979,0.889526,0.480469,-0.056335,0.489563
1350,-7.399225,-1.983204,-1.621209,-0.430176,0.203979,0.889526,0.480469,-0.056335,0.489563
1351,-8.558130,-1.878529,-1.643639,-0.430176,0.203979,0.889526,0.480469,-0.056335,0.489563
1352,-9.545069,-1.646748,-1.823082,-0.421753,0.200684,0.886597,0.481689,-0.056091,0.484680
1353,-9.545069,-1.646748,-1.823082,-0.421753,0.200684,0.886597,0.481689,-0.056091,0.484680
1354,-10.973139,-2.229939,-2.279168,-0.421753,0.169434,0.903198,0.479675,-0.052612,0.505188
1355,-11.608668,-2.401906,-2.645531,-0.417358,0.185791,0.903198,0.479675,-0.052612,0.505188
1356,-11.608668,-2.805653,-2.877312,-0.417358,0.185791,0.903198,0.479675,-0.052612,0.505188
1357,-11.601191,-2.805653,-2.877312,-0.419067,0.199097,0.898560,0.483521,-0.051819,0.483765
1358,-12.632990,-2.850514,-3.310967,-0.419067,0.199097,0.898560,0.483521,-0.051819,0.483765
1359,-12.632990,-3.082295,-3.983880,-0.419067,0.199097,0.898560,0.483521,-0.051819,0.483765
1360,-13.335810,-3.082295,-3.983880,-0.433716,0.201416,0.908569,0.481995,-0.047058,0.488647
1361,-13.679743,-2.902852,-4.522210,-0.433716,0.201416,0.908569,0.481995,-0.047058,0.488647
1362,-13.679743,-2.902852,-4.694176,-0.433716,0.201416,0.916382,0.479187,-0.039673,0.520874
1363,-14.412470,-3.261738,-4.694176,-0.447876,0.168335,0.916382,0.479187,-0.039673,0.520874
1364,-13.193751,-3.029957,-3.841820,-0.447876,0.168335,0.916382,0.479187,-0.039673,0.520874
1365,-13.193751,-3.029957,-3.460503,-0.441162,0.170288,0.907715,0.481812,-0.038147,0.520508
1366,-11.234827,-2.745839,-3.460503,-0.441162,0.170288,0.907715,0.481812,-0.038147,0.520508
1367,-10.195551,-2.080403,-2.884789,-0.441162,0.170288,0.907715,0.481812,-0.038147,0.520508
1368,-10.195551,-1.586934,-1.897850,-0.454468,0.166870,0.916504,0.475464,-0.040833,0.510254
1369,-9.074030,-1.586934,-1.897850,-0.454468,0.166870,0.916504,0.475464,-0.040833,0.510254
1370,-7.825403,-1.930867,-1.897850,-0.454468,0.166870,0.916504,0.475830,-0.031250,0.510498
1371,-7.571192,-1.332722,-1.785698,-0.440186,0.176025,0.916382,0.475830,-0.031250,0.510498
1372,-7.571192,-1.332722,-1.785698,-0.440186,0.176025,0.916382,0.475830,-0.031250,0.510498
1373,-7.608576,-1.190663,-1.890374,-0.437622,0.181152,0.906006,0.484497,-0.030151,0.534546
1374,-7.810450,-0.876637,-1.980095,-0.437622,0.181152,0.906006,0.484497,-0.030151,0.534546
1375,-7.810450,-0.876637,-1.980095,-0.437622,0.181152,0.906006,0.484497,-0.030151,0.534546
1376,-7.892695,0.080394,-2.398796,-0.428955,0.190063,0.918457,0.478577,-0.029785,0.522522
1377,-7.922602,1.127147,-3.632470,-0.428955,0.190063,0.918457,0.478577,-0.029785,0.522522
1378,-7.922602,1.127147,-3.632470,-0.428955,0.190063,0.918457,0.481750,-0.032837,0.514771
1379,-9.425440,2.435588,-5.090447,-0.421997,0.239990,0.914673,0.481750,-0.032837,0.514771
1380,-13.133936,5.463695,-4.731560,-0.421997,0.239990,0.914673,0.481750,-0.032837,0.514771
1381,-13.133936,5.463695,-4.731560,-0.419922,0.239380,0.939575,0.487427,-0.022766,0.526123
1382,-12.647944,9.523601,-5.643731,-0.419922,0.239380,0.939575,0.487427,-0.022766,0.526123
1383,-15.309687,13.890056,-6.795159,-0.419922,0.239380,0.939575,0.487427,-0.022766,0.526123
1384,-15.309687,13.890056,-6.795159,-0.417847,0.230469,0.942749,0.486084,-0.024841,0.518311
1385,-18.689203,19.759349,-8.656884,-0.417847,0.230469,0.942749,0.486084,-0.024841,0.518311
1386,-22.838831,26.353893,-12.499962,-0.417847,0.230469,0.942749,0.486084,-0.019165,0.498413
1387,-22.838831,26.353893,-12.499962,-0.432495,0.201538,0.952515,0.488037,-0.019165,0.498413
1388,-24.349146,33.292369,-18.743096,-0.432495,0.201538,0.952515,0.488037,-0.019165,0.498413
1389,-37.560663,42.458934,-25.016137,-0.452026,0.354126,0.998047,0.503357,-0.001221,0.506165
1390,-37.560663,42.458934,-25.016137,-0.452026,0.354126,0.998047,0.503357,-0.001221,0.506165
1391,-54.914332,50.047893,-32.552758,-0.452026,0.354126,0.998047,0.503357,-0.001221,0.506165
1392,-80.365381,57.203197,-41.158562,-0.522705,0.529297,1.071167,0.513367,0.019409,0.504822
1393,-80.365381,57.203197,-41.158562,-0.522705,0.529297,1.071167,0.513367,0.019409,0.504822
1394,-111.416559,60.881786,-51.005516,-0.522705,0.529297,1.071167,0.513367,0.019409,0.504822
1395,-141.570521,61.248149,-61.712304,-0.597290,0.660767,1.042114,0.526428,0.054749,0.488647
1396,-141.570521,61.248149,-61.712304,-0.597290,0.660767,1.042114,0.526428,0.054749,0.488647
1397,-172.875910,60.380840,-72.972374,-0.700806,1.078247,1.025879,0.535339,0.103760,0.473083
1398,-214.424524,61.524791,-82.438012,-0.700806,1.078247,1.025879,0.535339,0.103760,0.473083
1399,-214.424524,61.524791,-82.438012,-0.700806,1.078247,1.025879,0.535339,0.103760,0.473083
1400,-232.510920,63.379039,-41.846428,-1.264404,1.785767,0.644287,0.542236,0.114563,0.441040
1401,-119.678431,83.828105,124.938697,-1.264404,1.785767,0.644287,0.542236,0.114563,0.441040
1402,-119.678431,83.828105,124.938697,-1.264404,1.785767,0.644287,0.542236,0.114563,0.441040
1403,-39.362574,90.467510,236.275825,-0.991943,1.806152,0.485229,0.524353,0.061462,0.358643
1404,-58.742457,99.506969,245.696601,-0.991943,1.806152,0.485229,0.524353,0.061462,0.358643
1405,-58.742457,99.506969,245.696601,-0.991943,1.806152,0.967285,0.470276,0.023010,0.262695
1406,-56.260157,97.129344,245.696601,-0.824829,-0.346069,0.967285,0.470276,0.023010,0.262695
1407,-23.511744,80.343914,245.644264,-0.824829,-0.346069,0.967285,0.470276,0.023010,0.262695
1408,-23.511744,80.343914,232.245826,-0.462769,-0.602783,1.116211,0.404236,0.027039,0.214783
1409,-11.825495,62.601451,231.214027,-0.462769,-0.602783,1.116211,0.404236,0.027039,0.214783
1410,-17.373285,37.195262,187.078437,-0.462769,-0.602783,1.116211,0.404236,0.027039,0.214783
1411,-17.373285,37.195262,147.473793,-0.227173,-0.443604,1.037231,0.350647,0.052673,0.206360
1412,-24.289332,9.306774,147.473793,-0.227173,-0.443604,1.037231,0.350647,0.052673,0.206360
1413,-26.136103,-8.099232,118.815193,-0.227173,-0.443604,0.849731,0.318604,0.074463,0.205444
1414,-20.371485,-21.684590,103.906440,-0.177246,-0.035278,0.851929,0.318604,0.074463,0.205444
1415,-20.371485,-21.684590,103.906440,-0.177246,-0.035278,0.851929,0.318604,0.074463,0.205444
1416,-13.904047,-31.045552,102.740058,-0.173218,0.450928,0.604492,0.302490,0.088867,0.240112
1417,-7.795496,-32.346516,115.278663,-0.173218,0.450928,0.604492,0.302490,0.088867,0.240112
1418,-7.795496,-32.346516,115.278663,-0.173218,0.450928,0.604492,0.302490,0.088867,0.240112
1419,0.122442,-25.325795,141.223182,-0.171265,0.673584,0.459229,0.304688,0.089844,0.290100
1420,8.070288,-13.714314,174.764137,-0.171265,0.673584,0.459229,0.304688,0.089844,0.290100
1421,8.070288,-13.714314,174.764137,-0.171265,0.673584,0.584229,0.298218,0.074219,0.331177
1422,13.879766,-2.125264,211.572456,-0.338135,0.644409,0.579224,0.298218,0.074219,0.331177
1423,16.085424,5.164623,240.193672,-0.338135,0.644409,0.579224,0.298218,0.074219,0.331177
1424,16.085424,5.164623,240.193672,-0.542236,0.354370,0.779541,0.258301,0.020325,0.367554
1425,13.924627,8.282451,245.689125,-0.542236,0.354370,0.779541,0.258301,0.020325,0.367554
1426,6.649694,6.338481,245.696601,-0.542236,0.354370,0.779541,0.258301,0.020325,0.367554
1427,6.649694,6.338481,245.696601,-0.690063,0.010986,0.950073,0.205078,-0.020813,0.404907
1428,-3.817835,-0.562611,245.696601,-0.690063,0.010986,0.950073,0.205078,-0.020813,0.404907
1429,-16.894770,-11.531086,245.696601,-0.690063,0.010986,0.950073,0.205078,-0.020813,0.404907
1430,-16.894770,-11.531086,245.696601,-0.788452,-0.148438,1.069214,0.125549,-0.043274,0.395996
1431,-30.622187,-25.079060,243.490943,-0.788452,-0.148438,1.069214,0.125549,-0.043274,0.395996
1432,-42.585077,-38.043843,225.748481,-0.913452,-0.132568,0.966675,0.035706,-0.038513,0.413513
1433,-42.585077,-38.043843,225.748481,-0.918091,-0.132568,0.966675,0.035706,-0.038513,0.413513
1434,-51.908655,-45.326252,203.661995,-0.918091,-0.132568,0.966675,0.035706,-0.038513,0.413513
1435,-61.456537,-46.649647,187.310218,-1.198853,0.157471,0.840454,-0.049744,-0.018982,0.363770
1436,-61.456537,-46.649647,187.310218,-1.198853,0.157471,0.840454,-0.049744,-0.018982,0.363770
1437,-71.266108,-44.952412,178.629646,-1.198853,0.157471,0.840454,-0.049744,-0.018982,0.363770
1438,-78.167200,-38.948536,174.405250,-1.419067,0.274658,0.626831,-0.115051,0.021912,0.324097
1439,-78.167200,-38.948536,174.405250,-1.419067,0.274658,0.626831,-0.115051,0.021912,0.324097
1440,-80.118647,-27.957631,168.438758,-1.419067,0.274658,0.322998,-0.156372,0.063843,0.255493
1441,-79.670038,-11.560994,157.545051,-1.472046,0.155029,0.322998,-0.156372,0.063843,0.255493
1442,-79.670038,-11.560994,157.545051,-1.472046,0.155029,0.322998,-0.156372,0.063843,0.255493
1443,-80.260706,8.103008,141.215705,-1.420532,0.012573,0.193726,-0.174988,0.105774,0.258057
1444,-86.167383,27.281017,117.648811,-1.420532,0.012573,0.193726,-0.174988,0.105774,0.258057
1445,-86.167383,27.281017,117.648811,-1.420532,0.012573,0.193726,-0.174988,0.105774,0.258057
1446,-102.145319,44.425334,85.319099,-1.409424,-0.045288,0.293335,-0.175476,0.147522,0.255371
1447,-124.314051,55.431194,48.383674,-1.409424,-0.045288,0.293335,-0.175476,0.147522,0.255371
1448,-124.314051,55.431194,48.383674,-1.409424,-0.045288,0.293335,-0.175476,0.147522,0.255371
1449,-87.999201,59.692974,18.042793,-1.877319,-0.567505,0.748901,-0.178772,0.169067,0.255676
1450,-5.941248,45.965557,9.152870,-1.877319,-0.567505,0.748901,-0.178772,0.169067,0.255676
1451,-5.941248,45.965557,9.152870,-1.877319,0.806641,1.249268,-0.185181,0.170776,0.257812
1452,-1.507502,11.609630,1.967659,-0.620483,0.806641,1.249268,-0.185181,0.170776,0.257812
1453,-16.917200,-5.519734,-2.585717,-0.620483,0.806641,1.249268,-0.185181,0.170776,0.257812
1454,-16.917200,-5.519734,-2.585717,-1.034546,0.525757,1.077271,-0.185425,0.185120,0.257751
1455,-28.431482,-5.729084,-5.426903,-1.034546,0.525757,1.077271,-0.185425,0.185120,0.257751
1456,-19.593897,-6.416951,-5.314751,-1.034546,0.525757,1.077271,-0.185425,0.185120,0.257751
1457,-19.593897,-6.416951,-5.314751,-0.541138,0.173218,0.976685,-0.183411,0.187683,0.256714
1458,-10.330134,-0.697194,-4.267998,-0.541138,0.173218,0.976685,-0.183411,0.187683,0.256714
1459,-5.941248,1.067333,-3.139000,-0.541138,0.173218,0.914185,-0.195923,0.177734,0.241089
1460,-5.941248,1.067333,-3.139000,-0.467529,0.203979,0.918457,-0.195923,0.177734,0.241089
1461,-2.255182,2.674846,-2.122155,-0.467529,0.203979,0.918457,-0.195923,0.177734,0.241089
1462,1.460790,2.966442,-0.537072,-0.478149,0.242798,0.895874,-0.192200,0.185486,0.261963
1463,1.460790,2.966442,-0.537072,-0.478149,0.242798,0.895874,-0.192200,0.185486,0.261963
1464,2.978582,3.056163,-0.110894,-0.478149,0.242798,0.895874,-0.192200,0.185486,0.261963
1465,2.402868,2.547740,-0.148278,-0.472534,0.290649,0.885742,-0.194885,0.176208,0.250671
1466,2.402868,2.547740,-0.148278,-0.472534,0.290649,0.885742,-0.194885,0.176208,0.250671
1467,1.475744,2.203807,-0.275383,-0.472534,0.261230,0.885864,-0.200134,0.183350,0.244629
1468,1.214056,1.732769,-0.133324,-0.474609,0.261230,0.885864,-0.200134,0.183350,0.244629
1469,1.273870,1.254253,-0.118370,-0.474609,0.261230,0.885864,-0.200134,0.183350,0.244629
1470,1.273870,1.254253,-0.118370,-0.464722,0.279785,0.884766,-0.191650,0.181335,0.248657
1471,0.645819,0.992565,-0.193139,-0.464722,0.279785,0.884766,-0.191650,0.181335,0.248657
1472,0.085058,0.416851,-0.395012,-0.464722,0.279785,0.884766,-0.191650,0.186584,0.242371
1473,0.085058,0.416851,-0.395012,-0.456421,0.253540,0.885254,-0.188965,0.186584,0.242371
1474,-0.161677,0.229930,-0.305291,-0.456421,0.253540,0.885254,-0.188965,0.186584,0.242371
1475,0.212164,0.476665,-0.365105,-0.451416,0.268921,0.884644,-0.183167,0.182739,0.270630
1476,0.212164,0.476665,-0.365105,-0.451416,0.268921,0.884644,-0.183167,0.182739,0.270630
1477,-0.483179,0.237407,-0.290337,-0.451416,0.268921,0.884644,-0.183167,0.182739,0.270630
1478,-0.385981,0.170116,-0.163231,-0.454590,0.260620,0.877808,-0.187073,0.187805,0.252319
1479,-0.385981,0.170116,-0.163231,-0.454590,0.260620,0.877808,-0.187073,0.187805,0.252319
1480,-1.066370,0.177593,-0.140801,-0.454590,0.260620,0.877808,-0.187073,0.187805,0.252319
1481,-2.075739,-0.203724,-0.484734,-0.452881,0.259277,0.883301,-0.200012,0.182007,0.256775
1482,-2.075739,-0.203724,-0.484734,-0.452881,0.259277,0.883301,-0.200012,0.182007,0.256775
1483,-2.090693,-0.151387,-0.492211,-0.452881,0.252441,0.887085,-0.203186,0.181396,0.249817
1484,-1.963587,-0.285969,-0.223046,-0.450684,0.252441,0.887085,-0.203186,0.181396,0.249817
1485,-1.963587,-0.285969,-0.223046,-0.450684,0.252441,0.887085,-0.203186,0.181396,0.249817
1486,-2.561732,-0.928975,-0.462304,-0.450073,0.243530,0.883057,-0.200256,0.173889,0.245361
1487,-2.531824,-0.794392,-0.424920,-0.450073,0.243530,0.883057,-0.200256,0.173889,0.245361
1488,-2.531824,-0.794392,-0.424920,-0.450073,0.243530,0.883057,-0.200256,0.173889,0.245361
1489,-2.000971,-0.540181,-0.537072,-0.442383,0.258301,0.881714,-0.195007,0.185913,0.254761
1490,-1.567316,-0.375691,-0.753899,-0.442383,0.258301,0.881714,-0.195007,0.185913,0.254761
1491,-1.567316,-0.375691,-0.753899,-0.442383,0.258301,0.886719,-0.191589,0.184937,0.250244
1492,-2.389765,0.491619,-1.239891,-0.451538,0.254761,0.886719,-0.191589,0.184937,0.250244
1493,-2.232752,-0.001851,-1.000634,-0.451538,0.254761,0.886719,-0.191589,0.184937,0.250244
1494,-2.232752,-0.001851,-1.000634,-0.459961,0.258179,0.886841,-0.196289,0.183289,0.254089
1495,-2.135554,-0.278492,-1.082879,-0.459961,0.258179,0.886841,-0.196289,0.183289,0.254089
1496,-2.569208,-0.577565,-1.232415,-0.459961,0.258179,0.886841,-0.196289,0.183289,0.254089
1497,-2.569208,-0.577565,-1.232415,-0.453979,0.251709,0.891846,-0.196838,0.185303,0.247375
1498,-2.599116,-0.211201,-1.000634,-0.453979,0.251709,0.891846,-0.196838,0.185303,0.247375
1499,-2.561732,-0.457936,-0.895958,-0.453979,0.251709,0.891846,-0.196838,0.190430,0.237244
1500,-2.561732,-0.457936,-0.895958,-0.451294,0.256592,0.890503,-0.198853,0.190430,0.237244
1501,-3.115015,-1.138325,-1.232415,-0.451294,0.256592,0.890503,-0.198853,0.190430,0.237244
1502,-3.481379,-1.639271,-1.269799,-0.453247,0.250977,0.879272,-0.196106,0.184448,0.252991
1503,-3.481379,-1.639271,-1.269799,-0.453247,0.250977,0.879272,-0.196106,0.184448,0.252991
1504,-4.012232,-2.319661,-1.479149,-0.453247,0.250977,0.879272,-0.196106,0.184448,0.252991
1505,-4.849634,-3.044911,-1.748314,-0.443481,0.265991,0.884399,-0.198486,0.184326,0.251160
1506,-4.849634,-3.044911,-1.748314,-0.443481,0.265991,0.884399,-0.198486,0.184326,0.251160
1507,-6.554346,-3.456135,-2.353936,-0.443481,0.265991,0.884399,-0.198486,0.184326,0.258118
1508,-8.094568,-4.158955,-2.645531,-0.451660,0.259399,0.884644,-0.198730,0.189880,0.258118
1509,-8.094568,-4.158955,-2.645531,-0.451660,0.259399,0.884644,-0.198730,0.189880,0.258118
1510,-9.604883,-4.749623,-2.907219,-0.454712,0.234253,0.878052,-0.205017,0.184998,0.260681
1511,-10.031061,-4.682332,-3.303490,-0.454712,0.234253,0.878052,-0.205017,0.184998,0.260681
1512,-10.031061,-4.682332,-3.303490,-0.454712,0.234253,0.878052,-0.205017,0.184998,0.260681
1513,-11.556330,-5.332814,-3.654900,-0.447266,0.230957,0.896240,-0.210815,0.190430,0.236877
1514,-11.279688,-5.183278,-3.490410,-0.447266,0.230957,0.896240,-0.210815,0.190430,0.236877
1515,-11.279688,-5.183278,-3.490410,-0.447266,0.230957,0.896240,-0.210815,0.190430,0.236877
1516,-10.374994,-4.667378,-3.213768,-0.447754,0.227051,0.892822,-0.198975,0.198792,0.246521
1517,-9.156275,-4.248677,-2.503472,-0.447754,0.227051,0.892822,-0.198975,0.198792,0.246521
1518,-9.156275,-4.248677,-2.503472,-0.447754,0.227051,0.896362,-0.202698,0.196350,0.231201
1519,-8.057184,-3.553334,-2.039910,-0.444092,0.219849,0.896362,-0.202698,0.196350,0.231201
1520,-6.980524,-3.157063,-1.666069,-0.444092,0.219849,0.896362,-0.202698,0.196350,0.231201
1521,-6.980524,-3.157063,-1.666069,-0.444824,0.221313,0.895020,-0.202942,0.188660,0.244263
1522,-5.754328,-2.499104,-1.135216,-0.444824,0.221313,0.895020,-0.202942,0.188660,0.244263
1523,-4.991694,-2.110310,-0.492211,-0.444824,0.221313,0.895020,-0.202942,0.188660,0.244263
1524,-4.991694,-2.110310,-0.208092,-0.444214,0.218872,0.902588,-0.205261,0.192810,0.239502
1525,-4.296351,-1.557026,-0.208092,-0.444214,0.218872,0.902588,-0.205261,0.192810,0.239502
1526,-3.922510,-1.003743,0.300331,-0.444214,0.218872,0.899536,-0.204346,0.193787,0.239868
1527,-3.922510,-1.003743,0.345192,-0.448364,0.227539,0.899536,-0.204346,0.193787,0.239868
1528,-3.339319,-0.420552,0.345192,-0.448364,0.227539,0.899536,-0.204346,0.193787,0.239868
1529,-2.741175,0.102825,-0.066033,-0.453003,0.229004,0.898315,-0.192688,0.193115,0.239929
1530,-2.741175,0.102825,-0.066033,-0.453003,0.229004,0.898315,-0.192688,0.193115,0.239929
1531,-2.382288,-0.801869,-0.088463,-0.453003,0.229004,0.898315,-0.192688,0.193115,0.239929
1532,-1.948633,-0.884114,0.046119,-0.446411,0.209473,0.900513,-0.196655,0.194702,0.231567
1533,-1.948633,-0.884114,0.173225,-0.446411,0.209473,0.900513,-0.196655,0.194702,0.231567
1534,-1.320582,-0.652333,0.173225,-0.446411,0.209473,0.900513,-0.196655,0.194702,0.238342
1535,-1.058893,-0.914021,0.419960,-0.441284,0.217285,0.895630,-0.202881,0.192871,0.238342
1536,-1.058893,-0.914021,0.375099,-0.441284,0.217285,0.895630,-0.202881,0.192871,0.238342
1537,-0.752344,-0.555134,0.375099,-0.440918,0.216553,0.889648,-0.203918,0.190308,0.230469
1538,-0.550471,-0.786915,0.502204,-0.440918,0.216553,0.889648,-0.203918,0.190308,0.230469
1539,-0.550471,-0.794392,0.606880,-0.440918,0.216553,0.889648,-0.203918,0.190308,0.230469
1540,-0.266352,-0.794392,0.606880,-0.438965,0.232422,0.893433,-0.201843,0.186340,0.233582
1541,-0.812159,-0.921498,0.180702,-0.438965,0.232422,0.893433,-0.201843,0.186340,0.233582
1542,-0.812159,-1.235524,0.031166,-0.438965,0.232422,0.893433,-0.201843,0.186340,0.233582
1543,-1.305628,-1.235524,0.031166,-0.434570,0.241821,0.885498,-0.202209,0.193115,0.241516
1544,-2.240229,-0.921498,-0.522118,-0.434570,0.241821,0.885498,-0.202209,0.193115,0.241516
1545,-2.240229,-0.921498,-0.753899,-0.434570,0.218628,0.896484,-0.203186,0.191040,0.230469
1546,-2.382288,-0.398121,-0.753899,-0.440308,0.218628,0.896484,-0.203186,0.191040,0.230469
1547,-1.963587,-0.629902,-0.537072,-0.440308,0.218628,0.896484,-0.203186,0.191040,0.230469
1548,-1.963587,-0.629902,-0.260430,-0.439331,0.215332,0.912720,-0.207642,0.186035,0.241760
1549,-1.215906,-1.257954,-0.260430,-0.439331,0.215332,0.912720,-0.207642,0.186035,0.241760
1550,-0.468226,-1.160756,-0.080986,-0.439331,0.215332,0.912720,-0.207642,0.186035,0.241760
1551,-0.468226,-1.160756,0.038642,-0.442749,0.222046,0.898926,-0.198669,0.189392,0.237427
1552,-0.333643,-1.026173,0.038642,-0.442749,0.222046,0.898926,-0.198669,0.189392,0.237427
1553,-0.722437,-0.906544,-0.088463,-0.442749,0.222046,0.898926,-0.194092,0.186829,0.237610
1554,-0.722437,-0.988789,0.188179,-0.431519,0.212158,0.906738,-0.194092,0.186829,0.237610
1555,-0.640192,-0.988789,0.188179,-0.431519,0.212158,0.906738,-0.194092,0.186829,0.237610
1556,-0.976649,-0.958882,-0.013695,-0.438965,0.218994,0.900024,-0.198303,0.188782,0.239136
1557,-0.976649,-0.906544,-0.021172,-0.438965,0.218994,0.900024,-0.198303,0.188782,0.239136
1558,-1.081324,-0.906544,-0.021172,-0.438965,0.218994,0.900024,-0.198303,0.188782,0.239136
1559,-0.797205,-1.160756,0.016212,-0.436768,0.223511,0.897705,-0.196716,0.190186,0.236206
1560,-0.797205,-1.160756,-0.118370,-0.436768,0.223511,0.897705,-0.196716,0.190186,0.236206
1561,-1.432734,-0.682240,-0.118370,-0.436768,0.223511,0.897705,-0.196716,0.190186,0.236206
1562,-1.724329,-0.502797,-0.200615,-0.427612,0.205811,0.895264,-0.200867,0.184753,0.231201
1563,-1.724329,-0.502797,-0.223046,-0.427612,0.205811,0.895264,-0.200867,0.184753,0.231201
1564,-1.918726,-0.465413,-0.223046,-0.427612,0.217773,0.900391,-0.201782,0.184814,0.241089
1565,-1.888819,-0.704670,-0.058556,-0.429565,0.217773,0.900391,-0.201782,0.184814,0.241089
1566,-1.888819,-0.704670,-0.417443,-0.429565,0.217773,0.900391,-0.201782,0.184814,0.241089
1567,-1.739283,-1.048604,-0.417443,-0.434937,0.214966,0.894897,-0.199951,0.181274,0.240967
1568,-2.359858,-0.757008,-0.552025,-0.434937,0.214966,0.894897,-0.199951,0.181274,0.240967
1569,-2.359858,-0.757008,-0.275383,-0.434937,0.214966,0.894897,-0.199951,0.181274,0.240967
1570,-2.883234,-1.033650,-0.275383,-0.431519,0.213989,0.892334,-0.200562,0.183960,0.233337
1571,-3.443995,-1.661702,-0.170708,-0.431519,0.213989,0.892334,-0.200562,0.183960,0.233337
1572,-3.443995,-1.661702,-0.439873,-0.431519,0.213989,0.892334,-0.200562,0.185791,0.246399
1573,-3.758021,-1.826191,-0.439873,-0.441528,0.217041,0.899048,-0.199585,0.185791,0.246399
1574,-3.698206,-1.915913,-0.297814,-0.441528,0.217041,0.899048,-0.199585,0.185791,0.246399
1575,-3.698206,-0.001851,-0.163231,-0.436401,0.210571,0.908325,-0.201782,0.180969,0.231140
1576,-3.369227,-1.325245,-0.163231,-0.436401,0.210571,0.908325,-0.201782,0.180969,0.231140
1577,-3.107538,-1.130848,-0.148278,-0.436401,0.210571,0.908325,-0.201782,0.180969,0.231140
1578,-3.077631,-1.497212,0.150795,-0.439819,0.216553,0.907471,-0.205627,0.179260,0.234863
1579,-3.077631,-1.497212,0.150795,-0.439819,0.216553,0.907471,-0.205627,0.179260,0.234863
1580,-3.055201,-1.228047,0.479774,-0.439819,0.216553,0.903687,-0.201538,0.185608,0.227234
1581,-3.989802,-1.392537,0.390052,-0.459229,0.250977,0.903687,-0.201538,0.185608,0.227234
1582,-3.989802,-1.392537,0.390052,-0.459229,0.250977,0.903687,-0.201538,0.185608,0.227234
1583,-6.300135,-2.095356,0.375099,-0.452393,0.261475,0.901123,-0.204041,0.184326,0.243286
1584,-9.358149,-2.723408,-0.230523,-0.452393,0.261475,0.901123,-0.204041,0.184326,0.243286
1585,-9.358149,-2.723408,-0.230523,-0.452393,0.261475,0.901123,-0.204041,0.184326,0.243286
1586,-11.077814,-3.351460,-0.731469,-0.443359,0.225952,0.902954,-0.198730,0.179260,0.248230
1587,-12.565699,-3.942128,-1.105309,-0.443359,0.225952,0.902954,-0.198730,0.179260,0.248230
1588,-12.565699,-3.942128,-1.105309,-0.443359,0.225952,0.909912,-0.207581,0.181091,0.237427
1589,-15.025568,-3.620625,-1.546441,-0.467163,0.272949,0.909912,-0.207581,0.181091,0.237427
1590,-17.836847,-3.456135,-1.830559,-0.467163,0.272949,0.909912,-0.207581,0.181091,0.237427
1591,-17.836847,-3.456135,-1.830559,-0.496216,0.397095,0.903687,-0.201477,0.185181,0.244019
1592,-22.345362,-3.672963,-2.107201,-0.496216,0.397095,0.903687,-0.201477,0.185181,0.244019
1593,-29.126826,-2.745839,-1.322136,-0.496216,0.397095,0.903687,-0.201477,0.185181,0.244019
1594,-29.126826,-2.745839,-1.322136,-0.692383,0.733643,0.793213,-0.195618,0.193237,0.258057
1595,-50.346003,1.157054,6.311683,-0.692383,0.733643,0.793213,-0.195618,0.193237,0.258057
1596,-102.698603,17.964916,44.084510,-0.692383,0.733643,0.793213,-0.195618,0.193237,0.270569
1597,-102.698603,17.964916,44.084510,-1.201172,1.782593,0.491211,-0.189270,0.223328,0.270569
1598,-178.962031,47.296428,97.439003,-1.201172,1.782593,0.491211,-0.189270,0.223328,0.270569
1599,-225.490198,69.749279,135.839881,-1.317871,0.159180,0.507812,-0.164490,0.275391,0.299377
1600,-225.490198,69.749279,135.839881,-1.317871,0.159180,0.507812,-0.164490,0.275391,0.299377
1601,-186.573420,107.611827,165.365791,-1.317871,0.159180,0.507812,-0.164490,0.275391,0.299377
1602,-128.560877,158.498973,181.680183,-1.519165,0.025391,0.557373,-0.101868,0.318665,0.371094
1603,-128.560877,158.498973,181.680183,-1.519165,0.025391,0.557373,-0.101868,0.318665,0.371094
1604,-92.029200,193.714733,180.670814,-1.519165,0.025391,0.557373,-0.101868,0.318665,0.371094
1605,-84.642115,217.483501,177.702522,-1.531860,0.181152,1.069580,-0.022339,0.338928,0.432800
1606,-84.642115,217.483501,177.702522,-1.531860,0.181152,1.069580,-0.022339,0.338928,0.432800
1607,-100.702295,221.513500,158.345069,-1.531860,0.181152,1.194580,0.061829,0.357056,0.484924
1608,-122.848597,214.649791,141.739082,-1.055176,0.000977,1.195068,0.061829,0.357056,0.484924
1609,-122.848597,214.649791,141.739082,-1.055176,0.000977,1.195068,0.061829,0.357056,0.484924
1610,-124.366388,218.829326,128.049049,-0.796875,0.124756,0.969727,0.157532,0.370117,0.510315
1611,-112.111902,225.715465,118.665657,-0.796875,0.124756,0.969727,0.157532,0.370117,0.510315
1612,-112.111902,225.715465,118.665657,-0.796875,0.124756,0.969727,0.157532,0.370117,0.510315
1613,-85.688868,224.960308,107.300911,-0.921753,-0.031860,1.573853,0.256348,0.370544,0.497192
1614,-56.387263,199.987773,91.951026,-0.921753,-0.031860,1.573853,0.256348,0.370544,0.497192
1615,-56.387263,199.987773,91.951026,-0.921753,-0.031860,1.573853,0.256348,0.370544,0.465393
1616,-42.532740,163.725261,69.475746,-0.546387,0.075317,1.529785,0.311340,0.353577,0.465393
1617,-48.215113,127.963695,40.353584,-0.546387,0.075317,1.529785,0.311340,0.353577,0.465393
1618,-48.215113,127.963695,40.353584,-0.166504,0.096924,1.259155,0.336426,0.342773,0.432678
1619,-55.961085,98.041515,15.575447,-0.166504,0.096924,1.259155,0.336426,0.342773,0.432678
1620,-54.562922,72.680187,1.257362,-0.166504,0.096924,1.259155,0.336426,0.342773,0.432678
1621,-54.562922,72.680187,1.257362,0.121460,0.373291,1.039307,0.339722,0.334778,0.394836
1622,-48.394556,52.836742,-0.469780,0.121460,0.373291,1.039307,0.339722,0.334778,0.394836
1623,-43.250513,38.182201,8.494911,0.121460,0.373291,1.039307,0.339722,0.334778,0.394836
1624,-43.250513,38.182201,8.494911,0.310913,0.605835,0.885864,0.342773,0.331970,0.359314
1625,-39.549494,27.071666,23.897132,0.310913,0.605835,0.885864,0.342773,0.331970,0.359314
1626,-31.691370,17.351818,43.501319,0.310913,0.597412,0.885742,0.344177,0.324097,0.369446
1627,-31.691370,17.351818,43.501319,0.370361,0.597412,0.885742,0.344177,0.324097,0.369446
1628,-18.016291,7.729167,63.942909,0.370361,0.597412,0.885742,0.344177,0.324097,0.369446
1629,-3.070154,-3.366414,82.844276,0.323486,0.518066,0.939209,0.335022,0.309998,0.354492
1630,-3.070154,-3.366414,82.844276,0.323486,0.518066,0.939209,0.335022,0.309998,0.354492
1631,10.029211,-15.493794,97.139930,0.323486,0.518066,0.939209,0.335022,0.309998,0.354492
1632,18.440618,-28.615590,105.984993,0.238647,0.378052,1.025513,0.334778,0.288513,0.354919
1633,18.440618,-28.615590,105.984993,0.238647,0.378052,1.025513,0.334778,0.288513,0.354919
1634,25.326757,-42.627125,109.671058,0.238647,0.378052,1.025513,0.334778,0.259277,0.358276
1635,30.440893,-56.833058,110.119667,0.116577,0.277466,1.124512,0.315125,0.259277,0.358276
1636,34.440985,-72.033406,108.953285,0.116577,0.277466,1.124512,0.315125,0.259277,0.358276
1637,34.440985,-72.033406,108.953285,-0.074097,0.235962,1.244019,0.289246,0.220398,0.362671
1638,37.267217,-87.854329,107.667274,-0.074097,0.235962,1.244019,0.289246,0.220398,0.362671
1639,39.570074,-104.781819,107.981300,-0.074097,0.235962,1.244019,0.289246,0.182434,0.371155
1640,39.570074,-104.781819,107.981300,-0.275024,0.276245,1.353149,0.256287,0.182434,0.371155
1641,40.571966,-121.477528,109.581337,-0.275024,0.276245,1.353149,0.256287,0.182434,0.371155
1642,40.691595,-136.842366,112.130928,-0.440918,0.253662,1.405273,0.206665,0.140137,0.353149
1643,40.691595,-136.842366,112.130928,-0.440918,0.253662,1.405273,0.206665,0.140137,0.353149
1644,41.020574,-149.889393,113.865547,-0.440918,0.253662,1.405273,0.206665,0.140137,0.353149
1645,41.745825,-159.041005,113.544044,-0.603271,0.197144,1.386108,0.123169,0.118225,0.360962
1646,41.745825,-159.041005,113.544044,-0.603271,0.197144,1.386108,0.123169,0.118225,0.360962
1647,43.345861,-163.549519,110.201912,-0.603271,0.197144,1.386108,0.123169,0.118225,0.360962
1648,43.495397,-164.895344,103.764381,-0.849121,0.202148,1.342773,-0.002197,0.108276,0.325684
1649,43.495397,-164.895344,103.764381,-0.849121,0.202148,1.342773,-0.002197,0.108276,0.325684
1650,41.319647,-163.863545,95.263252,-0.849121,0.365234,1.284180,-0.173706,0.186279,0.199036
1651,37.274694,-160.902730,89.790229,-1.043945,0.365234,1.284180,-0.173706,0.186279,0.199036
1652,37.274694,-160.902730,89.790229,-1.043945,0.365234,1.284180,-0.173706,0.186279,0.199036
1653,33.244695,-154.001637,87.935981,-1.013550,0.436523,0.988281,-0.211426,0.344604,0.030334
1654,28.242712,-140.102253,87.554664,-1.013550,0.436523,0.988281,-0.211426,0.344604,0.030334
1655,28.242712,-140.102253,87.554664,-1.013550,0.436523,0.988281,-0.211426,0.344604,0.030334
1656,22.694921,-119.989644,87.764015,-0.972900,0.448242,0.768677,-0.158142,0.453430,-0.052429
1657,18.306036,-97.873250,89.521064,-0.972900,0.448242,0.768677,-0.158142,0.453430,-0.052429
1658,18.306036,-97.873250,89.521064,-0.972900,0.448242,0.924927,-0.090454,0.504272,-0.089294
1659,20.982733,-80.168171,96.257667,-1.172607,0.356689,0.927002,-0.090454,0.504272,-0.089294
1660,26.380987,-71.704426,106.441078,-1.172607,0.356689,0.927002,-0.090454,0.504272,-0.089294
1661,26.380987,-71.704426,106.441078,-1.300903,0.295166,1.036011,-0.031677,0.524170,-0.098755
1662,26.575384,-70.867024,114.650611,-1.300903,0.295166,1.036011,-0.031677,0.524170,-0.098755
1663,18.993902,-76.975575,118.142280,-1.300903,0.295166,1.036011,-0.031677,0.524170,-0.098755
1664,18.993902,-76.975575,118.142280,-1.191162,0.062012,0.875366,0.008545,0.523743,-0.099731
1665,6.702032,-83.046742,113.544044,-1.191162,0.062012,0.875366,0.008545,0.523743,-0.099731
1666,-4.176722,-85.820637,99.457740,-1.191162,0.062012,0.720581,0.040161,0.524231,-0.111694
1667,-4.176722,-87.734700,79.928321,-1.087769,-0.091553,0.720581,0.040161,0.524231,-0.111694
1668,-10.412378,-86.254292,79.928321,-1.087769,-0.091553,0.720581,0.040161,0.524231,-0.111694
1669,-11.915217,-86.329060,60.054969,-1.093750,0.010010,0.622803,0.064453,0.517090,-0.129517
1670,-11.915217,-86.329060,43.299446,-1.093750,0.010010,0.622803,0.064453,0.517090,-0.129517
1671,-10.741358,-85.783253,43.299446,-1.093750,0.010010,0.622803,0.064453,0.517090,-0.129517
1672,-12.348871,-83.166371,29.661750,-1.092041,0.204834,0.428711,0.067444,0.511597,-0.148010
1673,-12.348871,-83.166371,18.177375,-1.092041,0.204834,0.428711,0.067444,0.511597,-0.148010
1674,-14.943323,-75.966206,18.842811,-1.092041,0.204834,0.428711,0.067444,0.511597,-0.148010
1675,-15.459223,-65.319233,11.261329,-1.125366,0.311401,0.300659,0.075256,0.502991,-0.144470
1676,-15.459223,-65.319233,6.236915,-1.125366,0.311401,0.300659,0.075256,0.502991,-0.144470
1677,-11.145106,-54.522725,6.236915,-1.125366,0.340820,0.233154,0.083130,0.512085,-0.176208
1678,-5.933771,-43.240223,1.960182,-1.142944,0.340820,0.233154,0.083130,0.512085,-0.176208
1679,-5.933771,-43.240223,-4.454918,-1.142944,0.340820,0.233154,0.083130,0.512085,-0.176208
1680,-3.085108,-30.125905,-4.454918,-1.102661,0.259277,0.098389,0.096802,0.516724,-0.175720
1681,-0.610285,-14.073201,-14.855156,-1.102661,0.259277,0.098389,0.096802,0.516724,-0.175720
1682,-0.610285,-14.073201,-27.670403,-1.102661,0.259277,0.098389,0.096802,0.516724,-0.175720
1683,4.533758,2.712230,-27.670403,-1.122803,0.234741,0.219116,0.094299,0.525024,-0.186523
1684,12.414312,15.736827,-37.928582,-1.122803,0.234741,0.219116,0.094299,0.525024,-0.186523
1685,12.414312,15.736827,-45.584832,-1.122803,0.234741,0.219116,0.084106,0.538452,-0.204895
1686,4.982366,30.892314,-45.263329,-0.811890,0.732056,0.072388,0.084106,0.538452,-0.204895
1687,-74.630671,82.452373,-66.303063,-0.811890,0.732056,0.072388,0.084106,0.538452,-0.204895
1688,-74.630671,82.452373,-66.303063,0.325439,0.586792,1.268188,0.074463,0.567505,-0.216370
1689,-140.561152,85.577678,-107.597466,0.325439,0.586792,1.268188,0.074463,0.567505,-0.216370
1690,-88.081446,96.299419,-96.957970,0.325439,0.586792,1.268188,0.074463,0.567505,-0.216370
1691,-88.081446,96.299419,-96.957970,-1.344849,0.196411,1.059570,0.060852,0.593140,-0.229675
1692,-14.390040,170.349712,-59.798241,-1.344849,0.196411,1.059570,0.060852,0.593140,-0.229675
1693,-39.392481,162.977581,-58.467369,-1.344849,0.196411,1.059570,0.060852,0.593140,-0.245300
1694,-39.392481,162.977581,-44.560509,-1.180908,0.470337,1.765625,0.044983,0.623718,-0.242737
1695,-48.858118,129.152507,-44.560509,-1.180908,0.470337,1.765625,0.044983,0.623718,-0.242737
1696,-61.060267,97.480754,-41.480065,-0.554932,0.354248,1.142212,0.032593,0.646301,-0.267090
1697,-61.060267,97.480754,-36.403313,-0.554932,0.354248,1.142212,0.032593,0.646301,-0.267090
1698,-62.465906,79.057903,-36.403313,-0.554932,0.354248,1.142212,0.032593,0.646301,-0.267090
1699,-62.645350,64.156627,-32.769585,-0.738403,0.135864,1.274292,0.026123,0.658020,-0.278198
1700,-62.645350,64.156627,-25.113335,-0.738403,0.135864,1.274292,0.026123,0.658020,-0.278198
1701,-51.594629,46.795482,-25.561943,-0.738403,0.135864,1.274292,0.026123,0.658020,-0.278198
1702,-42.921534,33.127880,-18.062706,-0.737549,0.560059,1.225708,0.014282,0.670227,-0.300659
1703,-42.921534,33.127880,-11.019555,-0.737549,0.560059,1.225708,0.014282,0.670227,-0.300659
1704,-39.968195,15.228405,-11.019555,-0.737549,0.560059,0.968750,0.005920,0.671265,-0.305969
1705,-28.401575,4.843120,-6.197014,-0.377930,0.099976,0.968750,0.005920,0.671265,-0.305969
1706,-15.548945,6.360912,-2.436181,-0.377930,0.099976,0.968750,0.005920,0.671265,-0.305969
1707,-15.548945,6.360912,-2.436181,-0.478760,0.303711,0.910645,0.006897,0.675537,-0.300049
1708,-8.363733,3.302898,-0.723992,-0.478760,0.303711,0.910645,0.006897,0.675537,-0.300049
1709,-4.662714,3.392620,0.068550,-0.478760,0.303711,0.910645,0.006897,0.675537,-0.300049
1710,-4.662714,3.392620,0.068550,-0.468262,0.298950,0.904541,0.005066,0.680542,-0.293213
1711,-2.105646,3.295421,0.307808,-0.468262,0.298950,0.904541,0.005066,0.680542,-0.293213
1712,-0.991602,3.003826,0.434913,-0.449707,0.273926,0.890259,0.003174,0.678040,-0.307495
1713,-0.991602,3.003826,0.434913,-0.449707,0.273926,0.890259,0.003174,0.678040,-0.307495
1714,1.288824,3.026256,0.532112,-0.449707,0.273926,0.890259,0.003174,0.678040,-0.307495
1715,3.315039,3.160839,1.167640,-0.449341,0.241089,0.892334,0.008118,0.683594,-0.299194
1716,3.315039,3.160839,1.167640,-0.449341,0.241089,0.892334,0.008118,0.683594,-0.299194
1717,5.214147,3.833751,1.952705,-0.449341,0.241089,0.892334,0.008118,0.683594,-0.299194
1718,7.232885,4.274883,2.505989,-0.445923,0.265137,0.885620,0.006592,0.677124,-0.300171
1719,7.232885,4.274883,2.505989,-0.445923,0.265137,0.885620,0.006592,0.677124,-0.300171
1720,7.816076,4.065532,2.700386,-0.442139,0.285767,0.877441,0.002930,0.678040,-0.292419
1721,7.584295,3.818798,2.588234,-0.442139,0.285767,0.877441,0.002930,0.678040,-0.292419
1722,7.584295,3.818798,2.588234,-0.442139,0.285767,0.877441,0.002930,0.678040,-0.292419
1723,6.373052,3.347759,2.057380,-0.437134,0.299194,0.864868,0.007629,0.680725,-0.305603
1724,5.027227,2.719707,1.190071,-0.437134,0.299194,0.864868,0.007629,0.680725,-0.305603
1725,5.027227,2.719707,1.190071,-0.437134,0.299194,0.864868,0.007629,0.680725,-0.305603
1726,3.584204,2.203807,0.995674,-0.435669,0.297119,0.871948,0.006348,0.681824,-0.307922
1727,2.657080,2.061748,0.950813,-0.435669,0.297119,0.871948,0.006348,0.681824,-0.307922
1728,2.657080,2.061748,0.950813,-0.435669,0.297119,0.871948,0.006348,0.676392,-0.304626
1729,2.029028,1.695385,0.801277,-0.440552,0.301270,0.877319,0.003357,0.676392,-0.304626
1730,1.169195,1.201915,0.083503,-0.440552,0.301270,0.877319,0.003357,0.676392,-0.304626
1731,1.169195,1.201915,0.083503,-0.442871,0.312256,0.856079,0.005005,0.686096,-0.295227
1732,-0.640192,0.686016,-0.634270,-0.442871,0.312256,0.856079,0.005005,0.686096,-0.295227
1733,-1.589747,0.409374,-1.359520,-0.442871,0.312256,0.856079,0.005005,0.686096,-0.295227
1734,-1.589747,0.409374,-1.359520,-0.447021,0.316772,0.867554,-0.001770,0.689392,-0.309204
1735,-3.264551,-0.218678,-1.972619,-0.447021,0.316772,0.867554,-0.001770,0.689392,-0.309204
1736,-4.415980,-1.183186,-2.810021,-0.447021,0.316772,0.867554,-0.001770,0.702454,-0.307922
1737,-4.415980,-1.183186,-4.724083,-0.451416,0.304810,0.871460,-0.002014,0.702454,-0.307922
1738,-6.120691,-2.289753,-3.610039,-0.451416,0.304810,0.871460,-0.002014,0.702454,-0.307922
1739,-7.877741,-2.633687,-4.297905,-0.448730,0.287476,0.879761,0.000488,0.723022,-0.293274
1740,-7.877741,-2.633687,-4.297905,-0.448730,0.287476,0.879761,0.000488,0.723022,-0.293274
1741,-7.862787,-2.745839,-4.716607,-0.448730,0.287476,0.879761,0.000488,0.723022,-0.293274
1742,-7.085200,-2.319661,-4.985772,-0.442383,0.283813,0.885498,0.051697,0.714355,-0.297729
1743,-7.085200,-2.319661,-3.071709,-0.442383,0.283813,0.885498,0.051697,0.714355,-0.297729
1744,-6.546869,-2.050496,-4.858666,-0.442383,0.283813,0.885498,0.051697,0.714355,-0.297729
1745,-6.135645,-1.400013,-4.776421,-0.446289,0.284912,0.878784,0.037109,0.610718,-0.327820
1746,-6.135645,-1.228047,-4.940911,-0.446289,0.284912,0.878784,0.037109,0.610718,-0.327820
1747,-5.971155,-1.228047,-4.940911,-0.444458,0.285767,0.880981,-0.024414,0.640686,-0.337952
1748,-6.262751,-0.749531,-6.010094,-0.444458,0.285767,0.880981,-0.024414,0.640686,-0.337952
1749,-6.030970,-0.375691,-6.077385,-0.444458,0.285767,0.880981,-0.024414,0.640686,-0.337952
1750,-6.030970,-0.375691,-6.077385,-0.441040,0.281372,0.888306,-0.013977,0.672791,-0.318420
1751,-6.060877,0.267314,-6.884880,-0.441040,0.281372,0.888306,-0.013977,0.672791,-0.318420
1752,-5.500117,1.702861,-7.640038,-0.441040,0.281372,0.888306,-0.010254,0.682678,-0.317322
1753,-5.500117,1.702861,-7.640038,-0.439941,0.275513,0.880371,-0.010254,0.682678,-0.317322
1754,-5.215998,3.310375,-8.365288,-0.439941,0.275513,0.880371,-0.010254,0.682678,-0.317322
1755,-2.928095,5.605754,-9.456902,-0.414429,0.275269,0.902344,-0.002869,0.689819,-0.320801
1756,-2.928095,5.605754,-9.456902,-0.414429,0.275269,0.902344,-0.002869,0.689819,-0.320801
1757,-1.178522,8.865642,-10.668145,-0.414429,0.275269,0.902344,-0.002869,0.689819,-0.320801
1758,-0.976649,13.688182,-11.505547,-0.432739,0.269775,0.899780,-0.011414,0.687561,-0.314880
1759,-0.976649,13.688182,-11.505547,-0.432739,0.269775,0.899780,-0.011414,0.687561,-0.314880
1760,-0.700007,19.340648,-11.834526,-0.432739,0.269775,0.899780,-0.011414,0.687744,-0.328125
1761,1.535559,25.740795,-11.610222,-0.458374,0.224731,0.905273,-0.005981,0.687744,-0.328125
1762,1.535559,25.740795,-11.610222,-0.458374,0.224731,0.905273,-0.005981,0.687744,-0.328125
1763,5.318823,32.320385,-11.438256,-0.449829,0.223511,0.903931,-0.011536,0.684937,-0.305359
1764,8.780584,39.460735,-11.856957,-0.449829,0.223511,0.903931,-0.011536,0.684937,-0.305359
1765,8.780584,39.460735,-12.701836,-0.449829,0.223511,0.903931,-0.011536,0.684937,-0.305359
1766,12.451696,48.021678,-12.701836,-0.452393,0.238159,0.900635,-0.014709,0.677612,-0.313293
1767,17.147131,58.489208,-14.324303,-0.452393,0.238159,0.900635,-0.014709,0.677612,-0.313293
1768,17.147131,58.489208,-18.152428,-0.452393,0.238159,0.900635,-0.014709,0.677612,-0.301147
1769,22.051916,70.384807,-18.197289,-0.443726,0.263428,0.908081,-0.020691,0.679810,-0.301147
1770,28.683843,85.144023,-22.892724,-0.443726,0.263428,0.908081,-0.020691,0.679810,-0.301147
1771,28.683843,85.144023,-28.919030,-0.406494,0.305298,0.903809,-0.033081,0.670898,-0.281799
1772,36.482153,103.245372,-28.919030,-0.406494,0.305298,0.903809,-0.033081,0.670898,-0.281799
1773,43.458013,126.139354,-35.670586,-0.406494,0.305298,0.903809,-0.033081,0.670898,-0.281799
1774,43.458013,126.139354,-42.377282,-0.318481,0.340210,0.899780,-0.041321,0.667297,-0.270264
1775,49.200201,155.216655,-42.377282,-0.318481,0.340210,0.899780,-0.041321,0.667297,-0.270264
1776,50.411444,189.131450,-49.988671,-0.318481,0.340210,0.925537,-0.051880,0.656311,-0.243958
1777,46.396398,223.659343,-59.813195,-0.299927,0.343506,0.925537,-0.051880,0.656311,-0.243958
1778,46.396398,223.659343,-59.813195,-0.299927,0.343506,0.925537,-0.051880,0.656311,-0.243958
1779,39.540167,242.171916,-72.254601,-0.704712,0.212646,0.858032,-0.070129,0.644775,-0.220337
1780,38.852300,243.278484,-93.025170,-0.704712,0.212646,0.858032,-0.070129,0.644775,-0.220337
1781,38.852300,243.278484,-93.025170,-0.704712,0.212646,0.858032,-0.070129,0.644775,-0.220337
1782,41.805639,243.278484,-104.838524,-0.746704,0.333984,0.975220,-0.084656,0.613647,-0.170349
1783,45.222540,243.278484,-119.964104,-0.746704,0.333984,0.975220,-0.084656,0.613647,-0.170349
1784,45.222540,243.278484,-119.964104,-0.746704,0.333984,0.975220,-0.084656,0.566772,-0.118652
1785,53.065710,243.278484,-123.979149,-1.927002,0.734131,1.761230,-0.081116,0.578003,-0.118652
1786,35.824194,243.278484,-116.861229,-1.927002,0.734131,1.761230,-0.081116,0.578003,-0.118652
1787,35.824194,243.278484,-116.861229,-1.762573,0.716064,1.314453,-0.055237,0.533936,-0.070312
1788,24.646368,243.278484,-112.674218,-1.762573,0.716064,1.314453,-0.055237,0.533936,-0.070312
1789,19.726629,243.278484,-113.264885,-1.762573,0.716064,1.314453,-0.055237,0.533936,-0.070312
1790,19.726629,243.278484,-113.264885,-0.982300,0.785645,1.141113,-0.038330,0.482239,-0.067139
1791,10.761938,243.271007,-117.055626,-0.982300,0.785645,1.141113,-0.038330,0.482239,-0.067139
1792,11.479711,243.076610,-121.220208,-0.982300,0.785645,1.141113,-0.007080,0.449524,-0.055847
1793,11.479711,243.076610,-121.220208,-0.920532,0.352661,0.646240,-0.010986,0.449524,-0.055847
1794,65.566931,243.263530,-129.863396,-0.920532,0.352661,0.646240,-0.010986,0.449524,-0.055847
1795,115.953131,241.446666,-139.792595,-1.051880,0.662354,2.274536,-0.005310,0.414856,-0.059570
1796,115.953131,241.446666,-139.792595,-1.051880,0.662354,2.274536,-0.005310,0.414856,-0.059570
1797,124.671087,170.394573,-159.942589,-1.051880,0.662354,2.274536,-0.005310,0.414856,-0.059570
1798,101.006994,70.915660,-166.051140,-1.578857,1.361084,2.724121,-0.009033,0.389709,-0.093506
1799,101.006994,70.915660,-166.051140,-1.578857,1.361084,2.724121,-0.009033,0.389709,-0.093506
1800,84.445867,-50.911427,-122.207146,-1.578857,1.361084,2.724121,-0.009033,0.389709,-0.093506
1801,43.024359,-152.693196,-78.400536,-0.535278,1.186523,1.535156,-0.022034,0.380615,-0.181458
1802,43.024359,-152.693196,-78.400536,-0.535278,1.186523,1.535156,-0.022034,0.380615,-0.181458
1803,10.754461,-195.976429,-45.569878,-0.535278,0.853027,0.773193,0.018066,0.395386,-0.280396
1804,-12.049799,-213.083363,-24.717064,-0.250854,0.853027,0.773193,0.018066,0.395386,-0.280396
1805,-23.369684,-225.061207,-1.793175,-0.250854,0.853027,0.773193,0.018066,0.395386,-0.280396
1806,-23.369684,-225.061207,-1.793175,-0.419067,0.727173,0.642822,0.120361,0.400818,-0.340881
1807,-27.399683,-239.551259,27.037391,-0.419067,0.727173,0.642822,0.120361,0.400818,-0.340881
1808,-28.461390,-245.315876,57.438087,-0.419067,0.727173,0.642822,0.120361,0.400818,-0.325256
1809,-28.461390,-245.315876,57.438087,-0.473877,0.613159,0.539551,0.217285,0.386841,-0.318298
1810,-28.177271,-245.405598,85.386390,-0.473877,0.613159,0.539551,0.217285,0.386841,-0.318298
1811,-24.835138,-245.405598,107.300911,-0.422729,0.385010,0.410889,0.267212,0.406189,-0.288879
1812,-24.835138,-245.405598,107.300911,-0.422729,0.385010,0.410889,0.267212,0.406189,-0.288879
1813,-18.539667,-245.405598,121.342353,-0.422729,0.385010,0.410889,0.267212,0.406189,-0.288879
1814,-9.447870,-245.405598,127.667732,-0.592529,0.236938,0.596802,0.315674,0.451294,-0.233276
1815,-9.447870,-245.405598,127.667732,-0.592529,0.236938,0.596802,0.315674,0.451294,-0.233276
1816,3.427191,-245.405598,130.748176,-0.592529,0.236938,0.596802,0.315674,0.451294,-0.233276
1817,16.294775,-245.405598,134.695930,-0.859497,0.220337,0.845581,0.362854,0.504761,-0.141113
1818,16.294775,-245.405598,134.695930,-0.859497,0.220337,0.845581,0.362854,0.504761,-0.141113
1819,26.709966,-245.405598,136.946449,-1.098267,0.201660,0.904175,0.381470,0.547058,-0.032104
1820,35.248480,-245.405598,135.391273,-1.098267,0.201660,0.904175,0.381470,0.547058,-0.032104
1821,35.248480,-245.405598,135.391273,-1.098267,0.201660,0.904175,0.381470,0.547058,-0.032104
1822,39.106512,-245.405598,129.379921,-1.217529,0.307739,0.909424,0.345337,0.556702,0.059265
1823,40.833654,-245.405598,122.905006,-1.217529,0.307739,0.909424,0.345337,0.556702,0.059265
1824,40.833654,-245.405598,122.905006,-1.217529,0.307739,0.909424,0.345337,0.556702,0.106140
1825,42.037420,-245.405598,120.146064,-1.390015,0.452881,0.966064,0.286926,0.568787,0.097656
1826,45.910406,-245.405598,122.762947,-1.390015,0.452881,0.966064,0.286926,0.568787,0.097656
1827,45.910406,-245.405598,122.762947,-1.515015,0.614990,0.887817,0.228271,0.547302,0.153748
1828,51.226415,-245.405598,127.286415,-1.500366,0.614990,0.887817,0.228271,0.547302,0.153748
1829,50.665655,-245.405598,134.621162,-1.500366,0.614990,0.887817,0.228271,0.547302,0.153748
1830,50.665655,-245.405598,134.621162,-1.851562,0.947021,1.117554,0.156250,0.494751,0.106689
1831,46.560888,-241.054097,149.821510,-1.851562,0.947021,1.117554,0.156250,0.494751,0.106689
1832,38.927069,-224.612599,174.726753,-1.851562,0.947021,1.117554,0.156250,0.494751,0.106689
1833,38.927069,-224.612599,174.726753,-2.316406,1.226440,1.295166,0.121643,0.437988,-0.024353
1834,21.969671,-213.831044,204.604072,-2.316406,1.226440,1.295166,0.121643,0.437988,-0.024353
1835,0.354223,-205.187855,231.356086,-2.316406,0.802490,0.856201,0.159302,0.398010,-0.095703
1836,0.354223,-205.187855,244.709663,-2.420166,0.802490,0.856201,0.159302,0.398010,-0.095703
1837,-13.118982,-189.636097,244.709663,-2.420166,0.802490,0.856201,0.159302,0.398010,-0.095703
1838,-17.709742,-164.229908,243.558235,-2.431885,0.359375,0.369385,0.196899,0.367310,-0.120911
1839,-17.709742,-164.229908,230.346717,-2.431885,0.359375,0.369385,0.196899,0.367310,-0.120911
1840,-20.535975,-136.408711,230.346717,-2.431885,0.359375,0.369385,0.196899,0.367310,-0.120911
1841,-22.016382,-109.791279,209.344368,-2.471313,0.069214,-0.044189,0.213135,0.347168,-0.135864
1842,-22.016382,-79.166279,185.874672,-2.471313,0.069214,-0.044189,0.213135,0.347168,-0.135864
1843,-21.276179,-80.048542,185.874672,-2.471313,0.069214,-0.408691,0.233093,0.341125,-0.141907
1844,-16.745234,-44.257069,162.434883,-2.230225,-0.217041,-0.408691,0.233093,0.341125,-0.141907
1845,-16.745234,-6.544056,141.619453,-2.230225,-0.217041,-0.408691,0.233093,0.341125,-0.141907
1846,-13.874140,-6.544056,141.619453,-2.041138,-0.270508,-0.326782,0.237061,0.327698,-0.155518
1847,-18.135920,27.916545,120.699348,-2.041138,-0.270508,-0.326782,0.237061,0.327698,-0.155518
1848,-25.792170,53.591899,96.534309,-2.041138,-0.270508,-0.326782,0.237061,0.327698,-0.155518
1849,-26.906214,53.591899,96.534309,-1.790405,-0.296265,-0.052979,0.250244,0.328186,-0.153564
1850,-33.179255,72.201671,67.038307,-1.790405,-0.296265,-0.052979,0.250244,0.328186,-0.153564
1851,-25.523005,90.460033,32.293586,-1.790405,-0.296265,-0.052979,0.250244,0.328247,-0.195862
1852,-24.745417,90.460033,32.293586,-0.805908,-0.896606,0.333496,0.245972,0.328247,-0.195862
1853,38.164434,129.249706,-1.165123,-0.805908,-0.896606,0.333496,0.245972,0.328247,-0.195862
1854,38.164434,138.820018,-20.941277,0.079590,0.819702,1.273926,0.253357,0.331299,-0.202026
1855,42.486028,138.206920,-20.941277,0.079590,0.819702,1.273926,0.253357,0.331299,-0.202026
1856,8.578710,127.417888,-61.689873,0.079590,0.819702,1.273926,0.253357,0.331299,-0.202026
1857,8.578710,161.100902,-79.768792,-0.101807,0.683960,0.481567,0.247192,0.337646,-0.246155
1858,-2.449579,161.100902,-79.768792,-0.101807,0.683960,0.481567,0.247192,0.337646,-0.246155
1859,-11.287165,178.267650,-68.463860,-0.101807,0.683960,0.481567,0.247192,0.337646,-0.279480
1860,-19.870539,158.394298,-46.654015,-1.169800,0.422852,1.562256,0.244995,0.339355,-0.279480
1861,-19.870539,158.394298,-46.654015,-1.169800,0.422852,1.562256,0.244995,0.339355,-0.279480
1862,-22.644434,149.093151,-38.930474,-1.102051,0.028198,1.680664,0.235535,0.336243,-0.315430
1863,-26.038904,119.507427,-40.650139,-1.102051,0.028198,1.680664,0.235535,0.336243,-0.315430
1864,-26.038904,119.507427,-40.650139,-1.102051,0.028198,1.680664,0.235535,0.336243,-0.315430
1865,-23.556605,84.366436,-33.868676,-0.818970,0.500488,1.268921,0.236816,0.337830,-0.323303
1866,-27.698755,62.182750,-28.821831,-0.818970,0.500488,1.268921,0.236816,0.337830,-0.323303
1867,-27.698755,62.182750,-28.821831,-0.818970,0.500488,1.268921,0.236816,0.337830,-0.323303
1868,-28.872614,43.572978,-23.221703,-0.700195,0.349976,1.181030,0.226135,0.335571,-0.335815
1869,-22.300501,31.086711,-16.746788,-0.700195,0.349976,1.181030,0.226135,0.335571,-0.335815
1870,-22.300501,31.086711,-16.746788,-0.700195,0.451050,1.016357,0.222290,0.329468,-0.346619
1871,-15.287256,22.338848,-11.871911,-0.581421,0.451050,1.016357,0.222290,0.329468,-0.346619
1872,-13.851710,16.813488,-8.230706,-0.581421,0.451050,1.016357,0.222290,0.329468,-0.346619
1873,-13.851710,16.813488,-8.230706,-0.590698,0.416138,0.926758,0.223022,0.329712,-0.338318
1874,-16.289149,7.646923,-3.557702,-0.590698,0.416138,0.926758,0.223022,0.329712,-0.338318
1875,-14.599390,6.974010,-2.324028,-0.590698,0.416138,0.926758,0.223022,0.329712,-0.338318
1876,-14.599390,6.974010,-2.324028,-0.504150,0.356934,0.906616,0.223694,0.333008,-0.344299
1877,-12.573176,4.798259,-2.092247,-0.504150,0.356934,0.906616,0.223694,0.333008,-0.344299
1878,-13.148890,3.766460,-2.862359,-0.504150,0.356934,0.875366,0.217224,0.329529,-0.355164
1879,-13.148890,3.766460,-2.862359,-0.469482,0.330444,0.881104,0.217224,0.329529,-0.355164
1880,-13.395624,2.772045,-3.094140,-0.469482,0.330444,0.881104,0.217224,0.329529,-0.355164
1881,-12.677851,1.957073,-3.497887,-0.460693,0.278564,0.897705,0.217529,0.324646,-0.334290
1882,-12.677851,1.957073,-3.497887,-0.460693,0.278564,0.897705,0.217529,0.324646,-0.334290
1883,-10.479670,1.897258,-3.258629,-0.460693,0.278564,0.897705,0.217529,0.324646,-0.334290
1884,-8.670283,1.388835,-2.869835,-0.456787,0.271118,0.905029,0.219055,0.328979,-0.341431
1885,-8.670283,1.388835,-2.869835,-0.456787,0.271118,0.905029,0.219055,0.328979,-0.341431
1886,-6.965571,0.932750,-2.451134,-0.456787,0.271118,0.905029,0.219055,0.330017,-0.345276
1887,-5.268336,1.014995,-1.935234,-0.452271,0.273560,0.883179,0.219299,0.330017,-0.345276
1888,-5.268336,1.014995,-1.920281,-0.452271,0.273560,0.883179,0.219299,0.330017,-0.345276
1889,-3.571100,1.246776,-1.920281,-0.449463,0.268311,0.885376,0.222168,0.328064,-0.341614
1890,-2.733698,1.590709,-1.718407,-0.449463,0.268311,0.885376,0.222168,0.328064,-0.341614
1891,-2.733698,1.590709,-1.718407,-0.449463,0.268311,0.885376,0.222168,0.328064,-0.341614
1892,-1.799097,1.336498,-1.718407,-0.445312,0.280762,0.877686,0.216797,0.328491,-0.340637
1893,-2.187891,1.194438,-1.845513,-0.445312,0.280762,0.877686,0.216797,0.328491,-0.340637
1894,-2.187891,1.194438,-1.845513,-0.445312,0.280762,0.877686,0.216797,0.328491,-0.357361
1895,-2.404719,0.977611,-1.950188,-0.443237,0.282471,0.872314,0.221008,0.330261,-0.357361
1896,-3.092585,0.715923,-2.159539,-0.443237,0.282471,0.872314,0.221008,0.330261,-0.357361
1897,-3.092585,0.715923,-2.159539,-0.451660,0.283447,0.876465,0.224854,0.330750,-0.348755
1898,-2.958002,0.401897,-2.234307,-0.451660,0.283447,0.876465,0.224854,0.330750,-0.348755
1899,-3.384180,-0.256062,-2.241784,-0.451660,0.283447,0.876465,0.224854,0.330750,-0.348755
1900,-3.384180,-0.256062,-2.481041,-0.452393,0.287476,0.868774,0.226135,0.330627,-0.350525
1901,-4.281397,-0.465413,-2.481041,-0.452393,0.287476,0.868774,0.226135,0.330627,-0.350525
1902,-4.737482,-1.295338,-3.333397,-0.452393,0.287476,0.868774,0.226135,0.315002,-0.357056
1903,-4.737482,-1.317769,-3.520317,-0.452026,0.276001,0.880493,0.219666,0.327026,-0.357056
1904,-5.365534,-1.317769,-3.520317,-0.452026,0.276001,0.880493,0.219666,0.327026,-0.357056
1905,-6.247797,-1.325245,-3.871727,-0.446289,0.288452,0.875366,0.214172,0.329834,-0.369812
1906,-8.161860,-1.474782,-4.664269,-0.446289,0.288452,0.875366,0.214172,0.329834,-0.369812
1907,-7.159968,-1.474782,-4.664269,-0.446289,0.288452,0.875366,0.214172,0.329834,-0.369812
1908,-7.631006,-1.467305,-5.254937,-0.451294,0.269287,0.886353,0.218933,0.335815,-0.348328
1909,-7.631006,-1.310292,-5.554009,-0.451294,0.269287,0.886353,0.218933,0.335815,-0.348328
1910,-7.608576,-1.310292,-5.554009,-0.451294,0.269287,0.886353,0.218933,0.335815,-0.348328
1911,-7.272120,-0.547657,-5.613823,-0.443604,0.258667,0.893677,0.233521,0.338257,-0.343079
1912,-7.272120,0.551433,-5.793267,-0.443604,0.258667,0.893677,0.233521,0.338257,-0.343079
1913,-6.150599,0.551433,-5.793267,-0.443604,0.258667,0.898438,0.237549,0.318054,-0.371887
1914,-5.574885,1.456127,-6.144677,-0.445557,0.244995,0.898438,0.237549,0.318054,-0.371887
1915,-4.386072,3.220653,-5.905419,-0.445557,0.244995,0.898438,0.237549,0.318054,-0.371887
1916,-4.386072,3.220653,-5.905419,-0.457153,0.242188,0.886230,0.231384,0.306519,-0.366333
1917,-3.772974,4.244976,-5.823174,-0.457153,0.242188,0.886230,0.231384,0.306519,-0.366333
1918,-2.681360,5.291728,-5.471764,-0.457153,0.242188,0.886230,0.231384,0.306519,-0.366333
1919,-2.681360,5.291728,-5.471764,-0.470947,0.251343,0.895142,0.207825,0.305359,-0.368164
1920,-2.322474,5.874919,-5.015679,-0.470947,0.251343,0.895142,0.207825,0.305359,-0.368164
1921,-3.040247,5.942211,-4.716607,-0.470947,0.236450,0.887451,0.209778,0.318237,-0.355530
1922,-3.040247,5.942211,-4.716607,-0.459839,0.236450,0.887451,0.209778,0.318237,-0.355530
1923,-2.591639,6.659984,-4.402581,-0.459839,0.236450,0.887451,0.209778,0.318237,-0.355530
1924,-1.896296,8.424510,-4.185753,-0.443359,0.243896,0.892212,0.209595,0.323120,-0.364807
1925,-1.896296,8.424510,-4.185753,-0.443359,0.243896,0.892212,0.209595,0.323120,-0.364807
1926,-1.313105,10.203990,-4.417534,-0.443359,0.243896,0.892212,0.209595,0.323120,-0.364807
1927,-0.378504,11.676921,-4.619408,-0.458618,0.250488,0.893188,0.213135,0.324646,-0.363953
1928,-0.378504,11.676921,-4.619408,-0.458618,0.250488,0.893188,0.213135,0.324646,-0.363953
1929,-0.154200,13.583507,-5.262413,-0.458618,0.250488,0.893188,0.208069,0.322205,-0.363831
1930,0.586004,15.482616,-6.122246,-0.461670,0.246094,0.887695,0.208069,0.322205,-0.363831
1931,0.586004,15.482616,-6.122246,-0.461670,0.246094,0.887695,0.208069,0.322205,-0.363831
1932,1.303778,18.017253,-6.271782,-0.467407,0.244995,0.888306,0.215271,0.329041,-0.354675
1933,2.477636,21.037883,-6.675530,-0.467407,0.244995,0.888306,0.215271,0.329041,-0.354675
1934,2.477636,21.037883,-6.675530,-0.467407,0.244995,0.888306,0.215271,0.329041,-0.354675
1935,3.120642,24.170665,-7.512932,-0.467773,0.251709,0.895020,0.208618,0.326111,-0.362976
1936,3.651495,27.841777,-8.634453,-0.467773,0.251709,0.895020,0.208618,0.326111,-0.362976
1937,3.651495,27.841777,-8.634453,-0.467773,0.251709,0.895020,0.208618,0.326111,-0.351562
1938,4.758062,32.208232,-9.995232,-0.478882,0.246460,0.887695,0.214722,0.325195,-0.351562
1939,6.417913,36.896190,-11.086846,-0.478882,0.246460,0.887695,0.214722,0.325195,-0.351562
1940,6.417913,36.896190,-11.086846,-0.489868,0.242065,0.883423,0.207703,0.323486,-0.358826
1941,7.659063,41.726207,-12.567254,-0.489868,0.242065,0.883423,0.207703,0.323486,-0.358826
1942,9.595556,47.109508,-13.741112,-0.489868,0.242065,0.883423,0.207703,0.323486,-0.354309
1943,12.130194,53.247966,-14.466362,-0.500122,0.233032,0.877319,0.200928,0.324829,-0.354309
1944,12.130194,53.247966,-14.466362,-0.500122,0.233032,0.877319,0.200928,0.324829,-0.354309
1945,14.791937,60.268688,-15.378533,-0.493896,0.258667,0.877075,0.200562,0.326233,-0.367615
1946,17.640600,68.956737,-17.195397,-0.493896,0.258667,0.877075,0.200562,0.326233,-0.367615
1947,17.640600,68.956737,-17.195397,-0.493896,0.258667,0.877075,0.200562,0.326233,-0.367615
1948,20.279913,78.990612,-20.021630,-0.494385,0.289673,0.863281,0.182129,0.319885,-0.362427
1949,22.665014,90.190868,-23.857232,-0.494385,0.289673,0.863281,0.182129,0.319885,-0.362427
1950,22.665014,90.190868,-23.857232,-0.494385,0.289673,0.863281,0.182129,0.319885,-0.362427
1951,23.644476,104.366893,-28.530236,-0.463257,0.326172,0.890991,0.179443,0.327942,-0.359802
1952,23.068762,123.036479,-34.436913,-0.463257,0.326172,0.890991,0.179443,0.327942,-0.359802
1953,23.068762,123.036479,-34.436913,-0.463257,0.357422,0.879395,0.175598,0.326172,-0.366211
1954,20.564031,147.515544,-42.093163,-0.438965,0.358154,0.879395,0.175598,0.326172,-0.366211
1955,13.976965,172.652568,-52.897149,-0.438965,0.358154,0.879395,0.175598,0.326172,-0.366211
1956,13.976965,172.652568,-52.897149,-0.522217,0.346802,0.880493,0.161926,0.318848,-0.371582
1957,1.161718,197.931652,-66.534844,-0.522217,0.346802,0.880493,0.161926,0.318848,-0.371582
1958,-11.122675,223.240642,-84.531517,-0.522217,0.346802,0.880493,0.161926,0.318848,-0.387268
1959,-11.122675,242.381267,-104.419823,-1.231445,0.177979,0.838623,0.143616,0.319397,-0.387268
1960,-22.412653,241.723308,-104.419823,-1.231445,0.177979,0.838623,0.143616,0.319397,-0.387268
1961,-46.016932,243.278484,-117.519188,-0.879150,0.417480,0.993774,0.119507,0.320923,-0.358337
1962,-46.016932,243.278484,-135.291558,-0.879150,0.417480,0.993774,0.119507,0.320923,-0.358337
1963,-65.680933,243.278484,-135.291558,-0.879150,0.417480,0.993774,0.119507,0.320923,-0.358337
1964,-68.821192,243.278484,-151.022759,-1.867310,0.822754,1.580078,0.101257,0.311523,-0.358765
1965,-68.821192,243.278484,-144.876824,-1.867310,0.822754,1.580078,0.101257,0.311523,-0.358765
1966,-68.200617,242.650432,-144.876824,-1.867310,0.822754,1.580078,0.101257,0.311523,-0.358765
1967,-74.712916,217.827434,-138.857994,-1.519897,0.819824,1.337769,0.094666,0.310059,-0.354126
1968,-74.712916,217.827434,-135.164452,-1.519897,0.819824,1.337769,0.094666,0.310059,-0.354126
1969,-94.533930,151.964244,-135.164452,-1.519897,0.632324,1.135986,0.093506,0.308533,-0.364502
1970,-106.721125,125.092601,-115.941582,-2.102173,0.630127,1.135986,0.093506,0.308533,-0.364502
1971,-106.721125,121.264476,-93.473778,-2.102173,0.630127,1.135986,0.093506,0.308533,-0.364502
1972,-77.546625,122.752361,-93.473778,0.326172,0.892090,1.924683,0.105286,0.310547,-0.359802
1973,-64.783716,28.163280,-52.986870,0.326172,0.892090,1.924683,0.105286,0.310547,-0.359802
1974,-64.783716,14.764843,-35.506096,0.326172,0.892090,1.924683,0.105286,0.310547,-0.359802
1975,-62.114496,15.362987,-35.506096,-0.434937,0.887329,1.800903,0.131775,0.320312,-0.346497
1976,-29.515619,-21.348134,-7.954064,-0.434937,0.887329,1.800903,0.131775,0.320312,-0.346497
1977,-29.515619,-46.230946,8.719215,-0.434937,0.887329,1.800903,0.131775,0.320312,-0.339966
1978,-24.917383,-47.434712,8.719215,0.097412,0.676392,0.659546,0.150146,0.330994,-0.339966
1979,-37.657862,-53.543263,9.549141,0.097412,0.676392,0.659546,0.150146,0.330994,-0.339966
1980,-37.657862,-53.543263,14.371681,-0.047241,0.470703,0.677124,0.155212,0.332275,-0.362000
1981,-46.181421,-67.779103,14.371681,-0.047241,0.470703,0.677124,0.155212,0.332275,-0.362000
1982,-43.160792,-84.871083,24.861641,-0.047241,0.470703,0.677124,0.155212,0.332275,-0.362000
1983,-43.160792,-102.097645,36.480598,-0.023560,0.418823,0.670532,0.168457,0.332703,-0.354858
1984,-34.697046,-101.596699,36.480598,-0.023560,0.418823,0.670532,0.168457,0.332703,-0.354858
1985,-25.582819,-117.970906,47.254676,-0.023560,0.418823,0.670532,0.168457,0.332703,-0.354858
1986,-14.098444,-134.180623,55.710945,-0.056885,0.326660,0.718018,0.182495,0.335938,-0.378418
1987,-14.547053,-134.180623,55.710945,-0.056885,0.326660,0.718018,0.182495,0.335938,-0.378418
1988,-0.602808,-151.967946,62.507362,-0.244385,0.227905,0.753906,0.216492,0.346741,-0.394653
1989,14.223699,-170.114155,68.630867,-0.225708,0.227905,0.753906,0.216492,0.346741,-0.394653
1990,14.223699,-170.114155,68.630867,-0.225708,0.227905,0.753906,0.216492,0.346741,-0.394653
1991,24.526739,-186.136952,73.042183,-0.383423,0.284058,0.689697,0.268127,0.363953,-0.437012
1992,26.440801,-197.868062,77.064704,-0.383423,0.284058,0.689697,0.268127,0.363953,-0.437012
1993,26.403417,-197.868062,77.064704,-0.383423,0.284058,0.689697,0.268127,0.363953,-0.437012
1994,22.739782,-205.030842,81.879768,-0.547485,0.391113,0.652588,0.383484,0.371399,-0.433838
1995,18.911657,-207.296315,89.491157,-0.547485,0.391113,0.652588,0.383484,0.371399,-0.433838
1996,18.769598,-207.296315,89.491157,-0.547485,0.391113,0.808838,0.553833,0.352783,-0.356934
1997,21.094885,-208.425313,101.117591,-0.836182,0.438232,0.802368,0.553833,0.352783,-0.356934
1998,25.947332,-210.466481,115.921669,-0.836182,0.438232,0.802368,0.553833,0.352783,-0.356934
1999,25.947332,-210.466481,115.921669,-1.218140,0.776367,0.803833,0.642944,0.283508,-0.152832
2000,19.487371,-209.098225,133.993110,-1.218140,0.776367,0.803833,0.642944,0.283508,-0.152832
2001,-0.236445,-201.322346,158.831062,-1.218140,0.776367,0.803833,0.642944,0.283508,-0.152832
2002,-0.236445,-201.322346,158.831062,-1.460693,0.897461,0.586548,0.596863,0.209412,-0.018127
2003,-20.192042,-181.890126,188.439216,-1.460693,0.897461,0.586548,0.596863,0.209412,-0.018127
2004,-24.939814,-156.685811,220.387611,-1.460693,0.643555,0.563110,0.518677,0.150330,0.039246
2005,-24.939814,-156.685811,220.387611,-1.746338,0.643555,0.563110,0.518677,0.150330,0.039246
2006,-22.487421,-130.397358,242.384376,-1.746338,0.643555,0.563110,0.518677,0.150330,0.039246
2007,-28.708124,-106.665974,245.696601,-2.198853,0.635620,0.655151,0.441833,0.126160,0.034607
2008,-28.708124,-106.665974,245.696601,-2.198853,0.635620,0.655151,0.441833,0.126160,0.034607
2009,-51.841364,-92.295552,245.696601,-2.198853,0.635620,0.655151,0.441833,0.126160,0.034607
2010,-82.600947,-84.900990,245.696601,-2.340454,0.395142,0.515259,0.362976,0.117676,0.032471
2011,-82.600947,-84.900990,245.696601,-2.340454,0.395142,0.515259,0.362976,0.117676,0.032471
2012,-103.790217,-76.265278,245.696601,-2.340454,0.395142,0.515259,0.362976,0.129639,0.012817
2013,-111.954889,-64.265004,245.689125,-2.164795,0.234131,0.338989,0.329773,0.129639,0.012817
2014,-111.954889,-64.265004,245.689125,-2.164795,0.234131,0.338989,0.329773,0.129639,0.012817
2015,-112.747431,-51.599293,242.937660,-1.964478,0.358398,0.218872,0.294800,0.135681,0.009094
2016,-111.326838,-38.118611,232.028999,-1.964478,0.358398,0.218872,0.294800,0.135681,0.009094
2017,-111.326838,-38.118611,232.028999,-1.964478,0.358398,0.218872,0.294800,0.135681,0.009094
2018,-107.663202,-22.589283,220.716590,-1.722290,0.387817,0.155884,0.276184,0.139465,-0.012756
2019,-99.805079,-6.155262,210.226631,-1.722290,0.387817,0.155884,0.276184,0.139465,-0.012756
2020,-99.805079,-6.155262,210.226631,-1.722290,0.387817,0.155884,0.276184,0.139465,-0.028381
2021,-88.208552,8.865642,199.714241,-1.559692,0.323486,0.084595,0.262024,0.138306,-0.023804
2022,-76.574640,24.036083,186.846656,-1.559692,0.323486,0.084595,0.262024,0.138306,-0.023804
2023,-76.574640,24.036083,186.846656,-1.376465,0.186035,0.063354,0.248230,0.139282,-0.026489
2024,-65.381861,41.128063,170.771522,-1.376465,0.186035,0.063354,0.248230,0.139282,-0.026489
2025,-54.196558,56.963939,153.881416,-1.376465,0.186035,0.063354,0.248230,0.139282,-0.026489
2026,-54.196558,56.963939,153.881416,-1.217896,0.142456,0.212524,0.242859,0.132507,-0.047363
2027,-44.790735,70.070781,136.729621,-1.217896,0.142456,0.212524,0.242859,0.132507,-0.047363
2028,-34.869013,77.181224,120.602150,-1.217896,0.142456,0.212524,0.242859,0.132507,-0.047363
2029,-34.869013,77.181224,120.602150,-1.123169,0.120117,0.392090,0.241028,0.133972,-0.047363
2030,-25.874415,78.646678,106.149482,-1.123169,0.120117,0.392090,0.241028,0.133972,-0.047363
2031,-21.201410,82.026195,90.665016,-1.123169,0.136353,0.402222,0.233582,0.139587,-0.050598
2032,-21.201410,82.026195,73.438453,-0.938232,0.136353,0.402222,0.233582,0.139587,-0.050598
2033,-23.997736,86.415081,73.244056,-0.938232,0.136353,0.402222,0.233582,0.139587,-0.050598
2034,-55.519953,78.893413,50.297737,-1.198608,0.020996,1.648193,0.229919,0.142700,-0.044312
2035,-55.519953,78.893413,36.435737,-1.198608,0.020996,1.648193,0.229919,0.142700,-0.044312
2036,-84.956141,28.507213,36.435737,-1.198608,0.020996,1.648193,0.229919,0.142700,-0.044312
2037,-33.089533,-29.258595,28.704719,-0.133179,-0.444092,1.152954,0.226624,0.153564,-0.030884
2038,-33.089533,-29.258595,5.735969,-0.133179,-0.444092,1.152954,0.226624,0.153564,-0.030884
2039,-0.580378,-37.864399,6.491127,-0.133179,-0.444092,1.152954,0.226624,0.149292,-0.038452
2040,9.341345,-61.648121,7.784614,-0.742920,0.972290,0.598022,0.223328,0.149292,-0.038452
2041,-11.040430,-31.277333,8.599586,-0.742920,0.972290,0.598022,0.223328,0.149292,-0.038452
2042,-11.040430,-31.277333,8.599586,-0.446289,0.122681,1.036865,0.216614,0.151489,-0.037598
2043,-6.457148,-21.617299,6.251869,-0.446289,0.122681,1.036865,0.216614,0.151489,-0.037598
2044,-4.386072,-11.411458,4.464912,-0.446289,0.122681,1.036865,0.216614,0.151489,-0.042114
2045,-4.386072,-11.411458,4.464912,-0.439087,0.313232,0.938843,0.221985,0.155762,-0.042114
2046,-4.460840,-5.512257,2.034950,-0.439087,0.313232,0.938843,0.221985,0.155762,-0.042114
2047,-2.778559,-0.076619,0.539589,-0.439087,0.227295,0.919312,0.212708,0.153442,-0.040527
2048,-2.778559,-0.076619,0.539589,-0.460327,0.227295,0.919312,0.212708,0.153442,-0.040527
