4714,0.1875,5.0625,1.5,-0.01513672,0.02685547,0.9868164,0.08398438,-0.06201172,-0.1621094
4717,0.875,5.3125,1.0625,-0.01123047,0.03076172,0.9790039,0.08398438,-0.06201172,-0.1621094
4719,0.8125,5.5625,1.0625,-0.01513672,0.01123047,0.9907227,0.08398438,-0.06201172,-0.1621094
4720,0.625,5.6875,1.0625,-0.03076172,0.03076172,0.9555664,0.08496094,-0.06396484,-0.1645508
4722,0.875,5.75,0.5625,-0.01513672,0.03857422,0.9594727,0.08496094,-0.06396484,-0.1645508
4723,0.9375,5.25,0.25,-0.03076172,0.01123047,0.9829102,0.08496094,-0.06396484,-0.1645508
4725,0.9375,5.25,0.4375,-0.01513672,0.03076172,0.9711914,0.0859375,-0.06298828,-0.1743164
4726,1,4.75,0,-0.03857422,0.01513672,0.9907227,0.0859375,-0.06298828,-0.1743164
4728,0.875,3.875,0.375,-0.03466797,0.02294922,0.9868164,0.0859375,-0.06298828,-0.1743164
4729,1.125,3.5,0.125,-0.01123047,0.03466797,0.9790039,0.0859375,-0.06298828,-0.1743164
4731,0.9375,3.25,0,-0.01513672,0.01123047,0.9555664,0.08740234,-0.06054688,-0.1606445
4732,1.375,2.6875,-0.125,-0.01513672,0.03076172,0.9750977,0.08740234,-0.06054688,-0.1606445
4734,0.25,2.0625,0,0,0.01513672,0.9750977,0.08740234,-0.06054688,-0.1606445
4735,0.375,2.0625,0.0625,-0.03466797,0.01513672,0.9829102,0.08154297,-0.05810547,-0.15625
4737,0.75,1.875,0.1875,-0.03857422,0.02294922,0.9672852,0.08154297,-0.05810547,-0.15625
4738,0.3125,2.0625,-0.125,-0.01904297,0.02294922,0.9868164,0.08154297,-0.05810547,-0.15625
4740,0.375,2.3125,0.1875,-0.01513672,0.01513672,0.9594727,0.08398438,-0.07128906,-0.1674805
4741,0.25,1.375,-0.1875,-0.03466797,0.03466797,0.9555664,0.08398438,-0.07128906,-0.1674805
4743,-0.6875,1.75,0.25,-0.03076172,0.02685547,0.9633789,0.08398438,-0.07128906,-0.1674805
4744,-0.4375,1.6875,0.5,-0.007324219,0.007324219,0.9985352,0.08398438,-0.07128906,-0.1674805
4746,0.1875,2.3125,-0.125,-0.007324219,0.04248047,0.9829102,0.0859375,-0.06201172,-0.1660156
4747,-0.8125,2.25,0,-0.01513672,0.03076172,0.9790039,0.0859375,-0.06201172,-0.1660156
4749,0.75,1.625,-1,-0.03466797,0.04248047,0.9829102,0.0859375,-0.06201172,-0.1660156
4750,0.4375,1.8125,-0.75,-0.03857422,0,0.9555664,0.0859375,-0.06640625,-0.1645508
4752,0.375,1.125,-0.6875,-0.01123047,0.01904297,0.9829102,0.0859375,-0.06640625,-0.1645508
4753,1.1875,2.375,-0.9375,-0.02685547,0.02685547,0.9750977,0.0859375,-0.06640625,-0.1645508
4755,0.3125,2.5625,-0.625,-0.04248047,0,0.9711914,0.08740234,-0.06298828,-0.15625
4756,1.125,1.6875,-0.625,-0.02294922,0.02685547,0.9946289,0.08740234,-0.06298828,-0.15625
4758,1.25,1.1875,-0.875,-0.03857422,0.01904297,0.9946289,0.08740234,-0.06298828,-0.15625
4759,1.3125,1.8125,-1.4375,-0.04248047,0.01513672,0.9829102,0.08740234,-0.06298828,-0.15625
4761,1.5625,1.4375,-1.1875,-0.01513672,0.02685547,0.9594727,0.08740234,-0.06298828,-0.15625
4762,1.1875,1,-0.9375,-0.01513672,0.01123047,0.9711914,0.08740234,-0.06298828,-0.15625
4764,0.6875,0.5625,-0.9375,-0.03857422,0.03076172,0.9907227,0.08740234,-0.06298828,-0.15625
4765,1.1875,1,-0.625,-0.05029297,0.03857422,0.9829102,0.09082031,-0.07128906,-0.15625
4767,1,0.4375,-0.875,-0.04248047,0.03076172,0.9829102,0.09082031,-0.07128906,-0.15625
4768,1.4375,0.4375,-0.625,-0.05029297,0.01904297,0.9868164,0.09082031,-0.07128906,-0.15625
4770,0.75,-0.1875,-0.5,-0.007324219,0.02685547,0.9829102,0.08837891,-0.06054688,-0.1689453
4771,1.8125,-0.8125,-0.875,-0.03466797,0.01513672,0.9321289,0.08837891,-0.06054688,-0.1689453
4773,2.125,-0.3125,-1,-0.007324219,0.02685547,0.9594727,0.08837891,-0.06054688,-0.1689453
4774,1.5625,-0.8125,-0.4375,-0.02294922,0.03466797,0.9516602,0.08837891,-0.06054688,-0.1689453
4776,2.875,-1.3125,-1.3125,-0.01513672,0.03076172,0.9672852,0.08837891,-0.06054688,-0.1689453
4777,1.5625,-0.5,-1.1875,-0.02685547,0.02294922,0.9829102,0.08837891,-0.06054688,-0.1689453
4779,2.0625,-1,-2,-0.01513672,0.02685547,0.9672852,0.08837891,-0.06054688,-0.1689453
4780,2.1875,-0.375,-1.3125,-0.02685547,0.02685547,0.9516602,0.08984375,-0.06884766,-0.1621094
4782,2.25,-1,-1.375,-0.02294922,0.03466797,0.9282227,0.08984375,-0.06884766,-0.1621094
4783,1.4375,-0.375,-1.6875,-0.003417969,0.03466797,0.9985352,0.08984375,-0.06884766,-0.1621094
4785,2,-0.875,-1.3125,-0.01904297,0.04638672,0.9829102,0.08007813,-0.06201172,-0.1494141
4786,0.8125,-0.5,-1.75,-0.01513672,0.05029297,0.9399414,0.08007813,-0.06201172,-0.1494141
4788,1.375,-0.9375,-2,-0.03466797,0.03857422,0.9438477,0.08007813,-0.06201172,-0.1494141
4789,2.125,-1.125,-1.625,-0.02294922,0.03466797,0.9399414,0.08154297,-0.06542969,-0.1621094
4791,1.125,-1.6875,-1.125,-0.03466797,0.03857422,0.9790039,0.08154297,-0.06542969,-0.1621094
4792,2.0625,-1.8125,-1.125,-0.01123047,0.01513672,0.9868164,0.08154297,-0.06542969,-0.1621094
4794,1.25,-1.375,-0.9375,-0.02685547,-0.003417969,0.9321289,0.08154297,-0.06542969,-0.1621094
4795,1.8125,-2.25,-0.3125,-0.03076172,0.01513672,0.9633789,0.08496094,-0.06542969,-0.1591797
4797,1.875,-2.5625,-0.8125,-0.02685547,0.01513672,0.9516602,0.08496094,-0.06542969,-0.1591797
4798,1.375,-2.8125,-0.1875,-0.01123047,0.03076172,0.9399414,0.08496094,-0.06542969,-0.1591797
4800,1,-2.25,-0.25,-0.007324219,0.03857422,0.9594727,0.08837891,-0.06298828,-0.1630859
4801,1.8125,-2.4375,0.0625,-0.003417969,0.01513672,0.9282227,0.08837891,-0.06298828,-0.1630859
4803,2.125,-3.1875,-0.375,-0.01904297,0.05029297,0.9399414,0.08837891,-0.06298828,-0.1630859
4804,1.75,-3.5625,0,-0.01513672,0.03076172,0.9399414,0.08740234,-0.06884766,-0.1591797
4806,0.625,-3.125,-0.25,-0.007324219,0.01123047,0.9594727,0.08740234,-0.06884766,-0.1591797
4807,1.5625,-3.4375,-0.625,0.003417969,0.01513672,0.9594727,0.08740234,-0.06884766,-0.1591797
4809,1.375,-4,-1,-0.01513672,0.03466797,0.9282227,0.08740234,-0.06884766,-0.1591797
4810,1.625,-5.375,-1.4375,-0.01123047,0.03076172,0.9672852,0.09521484,-0.07128906,-0.1645508
4812,2.4375,-5.125,-1.125,-0.01123047,0.02685547,0.9594727,0.09521484,-0.07128906,-0.1645508
4814,2.1875,-5.9375,-1.625,-0.01513672,0.01513672,0.9555664,0.09521484,-0.07128906,-0.1645508
4816,2.5,-7.125,-2.25,-0.01513672,0.02685547,0.9477539,0.08251953,-0.06298828,-0.1606445
4817,1.8125,-7.75,-1.8125,-0.03076172,0.01513672,0.9672852,0.08251953,-0.06298828,-0.1606445
4819,3.625,-9,-2.625,0,0.03466797,0.9711914,0.08251953,-0.06298828,-0.1606445
4820,3.8125,-9.8125,-2.4375,-0.02294922,0.03076172,0.9477539,0.09179688,-0.07226563,-0.1577148
4822,3.1875,-11.3125,-1.5,-0.03466797,0.01513672,0.9868164,0.09179688,-0.07226563,-0.1577148
4823,3.8125,-12.875,-2.0625,0.003417969,0.02685547,0.9711914,0.09179688,-0.07226563,-0.1577148
4825,3.4375,-13.4375,-2.125,-0.03076172,0.02294922,0.9711914,0.09179688,-0.07226563,-0.1577148
4826,3.75,-14.4375,-1.75,-0.003417969,0.007324219,0.9672852,0.09179688,-0.07226563,-0.1577148
4828,3.6875,-14.75,-2,-0.007324219,0.04248047,0.9829102,0.09179688,-0.07226563,-0.1577148
4829,4,-15.25,-2.75,-0.01513672,0.04638672,0.9829102,0.09179688,-0.07226563,-0.1577148
4831,3.625,-14.75,-2.75,0.003417969,0.02685547,0.9829102,0.08837891,-0.06298828,-0.1704102
4832,4.5625,-15.375,-4,0.003417969,0.06201172,0.9868164,0.08837891,-0.06298828,-0.1704102
4834,4.6875,-15.4375,-4.8125,0.01513672,0.04638672,0.9907227,0.08837891,-0.06298828,-0.1704102
4835,4.9375,-15.875,-6.8125,0.05419922,0.07373047,0.9829102,0.0859375,-0.06884766,-0.1621094
4837,7.4375,-16.25,-7.375,0.05419922,0.06201172,0.9829102,0.0859375,-0.06884766,-0.1621094
4838,8.5625,-15.125,-9.6875,0.02685547,0.06201172,0.9829102,0.0859375,-0.06884766,-0.1621094
4840,10.4375,-14.125,-10.8125,0.02294922,0.04248047,1.013672,0.0859375,-0.06884766,-0.1621094
4841,11.125,-13.9375,-12.8125,0,0.06591797,0.9946289,0.0859375,-0.06884766,-0.1621094
4843,12.5625,-14.5,-13.8125,0.03857422,0.05029297,0.9985352,0.0859375,-0.06884766,-0.1621094
4844,13.6875,-14.3125,-15.25,0.03076172,0.05029297,1.013672,0.0859375,-0.06884766,-0.1621094
4846,14.5625,-14.625,-16.3125,0.01123047,0.03076172,0.9985352,0.08251953,-0.06396484,-0.1621094
4847,15.1875,-14.375,-17.1875,0.01513672,0.03857422,0.9868164,0.08251953,-0.06396484,-0.1621094
4849,16.5,-13.8125,-18.125,0.01123047,0.07373047,0.9946289,0.08251953,-0.06396484,-0.1621094
4850,16.3125,-14.25,-19.5625,0.003417969,0.04248047,0.9711914,0.08740234,-0.06884766,-0.1547852
4852,16.25,-13.875,-19.4375,0.02685547,-0.007324219,0.9868164,0.08740234,-0.06884766,-0.1547852
4853,17,-15.375,-18.9375,-0.05810547,0.05419922,0.9907227,0.08740234,-0.06884766,-0.1547852
4855,15,-20.125,-18.75,0.003417969,0.04638672,1.005859,0.08984375,-0.06396484,-0.1621094
4856,16,-21.1875,-18.3125,0.05029297,0.02685547,0.9829102,0.08984375,-0.06396484,-0.1621094
4858,15.375,-21.6875,-19.25,0.07373047,0.03466797,0.9829102,0.08984375,-0.06396484,-0.1621094
4859,11.5,-24,-18.375,0.07373047,0.003417969,0.9672852,0.08984375,-0.06396484,-0.1621094
4861,12.75,-23.9375,-19.375,0.07373047,0.007324219,0.9672852,0.09521484,-0.05712891,-0.1533203
4862,9.875,-27.3125,-19,0.04638672,0.01513672,0.9399414,0.09521484,-0.05712891,-0.1533203
4864,8.5625,-30.75,-19.8125,0.09716797,0.04638672,0.9750977,0.09521484,-0.05712891,-0.1533203
4865,7.8125,-33.375,-20.125,0.1166992,0.03857422,0.9477539,0.09326172,-0.06298828,-0.1606445
4867,7.5,-36.9375,-20.5,0.175293,0.02294922,0.9516602,0.09326172,-0.06298828,-0.1606445
4868,8.8125,-36.1875,-22.5,0.1557617,0.03857422,0.9008789,0.09326172,-0.06298828,-0.1606445
4870,7.125,-38.75,-21.1875,0.144043,0.05029297,0.9711914,0.09326172,-0.06054688,-0.1533203
4871,7.6875,-41.9375,-20.9375,0.1518555,0.01513672,0.9829102,0.09326172,-0.06054688,-0.1533203
4873,9.25,-40.3125,-20.25,0.159668,0.04638672,1.033203,0.09326172,-0.06054688,-0.1533203
4874,11.5625,-35.25,-20.375,0.128418,-0.02294922,0.9829102,0.09326172,-0.06054688,-0.1533203
4876,13.75,-33.1875,-18.5,0.2924805,0.112793,1.267578,0.09423828,-0.06640625,-0.1523438
4877,19.0625,-18.3125,-11.6875,0.2768555,0.4716797,1.552246,0.09423828,-0.06640625,-0.1523438
4879,46.375,-6.3125,21.1875,0.4052734,0.159668,1.575684,0.09423828,-0.06640625,-0.1523438
4880,36.625,106.3125,42.5,1.044922,-0.1831055,1.076172,0.08398438,-0.06054688,-0.1606445
4882,59.3125,230.8125,15.3125,0.7680664,0.03857422,1.466309,0.08398438,-0.06054688,-0.1606445
4883,44.1875,286.75,6.3125,0.1635742,0.175293,1.638184,0.08398438,-0.06054688,-0.1606445
4885,20.6875,330.1875,7.6875,0.5498047,0.1323242,1.774414,0.09326172,-0.06298828,-0.1533203
4886,11.125,431.25,11.9375,2.043457,0.206543,1.833008,0.09326172,-0.06298828,-0.1533203
4888,-10.3125,538.625,14.5625,4.200684,0.2573242,1.111328,0.09326172,-0.06298828,-0.1533203
4889,-18,597.125,0.625,0.5146484,-1.013672,2.023926,0.09326172,-0.06298828,-0.1533203
4891,40.9375,600.375,11.375,-0.4521484,-0.6704102,1.606934,0.09326172,-0.06298828,-0.1533203
4892,4.1875,514.875,51.5,-1.205078,0.5224609,1.805664,0.09326172,-0.06298828,-0.1533203
4894,32.9375,576.1875,45.0625,0,0.2104492,1.42334,0.09326172,-0.06298828,-0.1533203
4895,28.1875,639.5625,47.5625,0.7836914,0.5185547,2.702637,0.112793,-0.06298828,-0.1157227
4897,-14.6875,711.3125,36.125,2.433594,0.5810547,2.351563,0.112793,-0.06298828,-0.1157227
4898,24.3125,779,35.1875,2.585938,-0.3779297,1.797852,0.112793,-0.06298828,-0.1157227
4900,18,823.6875,43.3125,3.104492,-0.1948242,2.090332,0.1025391,-0.07128906,-0.09912109
4901,36.6875,932.5625,47.625,2.074707,-0.003417969,2.921387,0.1025391,-0.07128906,-0.09912109
4903,18,995.75,39.125,1.774414,0.3623047,1.232422,0.1025391,-0.07128906,-0.09912109
4904,36.25,1040.313,17.5625,1.587402,0.2924805,1.322266,0.1025391,-0.07128906,-0.09912109
4906,48.0625,1115.125,4.0625,1.513184,0.1323242,1.497559,0.1025391,-0.07128906,-0.09912109
4907,64.5,1171.438,-13,2.378906,0.2573242,0.190918,0.1025391,-0.07128906,-0.09912109
4909,35.3125,1202,-13.625,2.187988,0.01513672,0.9360352,0.1025391,-0.07128906,-0.09912109
4911,45.6875,1256.125,-3.6875,1.197266,-0.2651367,1.493652,0.1186523,-0.07470703,-0.03222656
4913,37.6875,1388.813,7.1875,-0.4912109,0.2768555,1.645996,0.1186523,-0.07470703,-0.03222656
4914,-122.75,1477.688,-50.1875,-1.891602,0.7758789,2.398438,0.1186523,-0.07470703,-0.03222656
4916,-147.5625,1012.313,17.25,-7.067383,-1.938477,3.229492,0.1010742,-0.06884766,0.01074219
4917,-52.5625,494.4375,-19.625,-4.14209,1.068359,4.103027,0.1010742,-0.06884766,0.01074219
4919,-34.375,180.5625,-66.75,-2.390625,0.4169922,3.077148,0.1010742,-0.06884766,0.01074219
4920,-60.75,16.625,-58.25,-0.2182617,-0.9399414,3.63916,0.1025391,-0.06982422,0.01757813
4922,-21.5625,-27.125,-85.4375,0.4873047,-0.4208984,3.978516,0.1025391,-0.06982422,0.01757813
4923,14.375,-53.875,-117.8125,0.6630859,-0.1791992,3.896484,0.1025391,-0.06982422,0.01757813
4925,20.25,-86.9375,-129,0.4677734,-0.237793,3.592285,0.1025391,-0.06982422,0.01757813
4926,35.375,-138.1875,-124.25,0.4794922,-0.1206055,2.862793,0.1142578,-0.078125,0.004882813
4928,36.3125,-170.8125,-116.5,0.7016602,-0.07373047,2.445313,0.1142578,-0.078125,0.004882813
4929,34.5,-185.9375,-111.375,0.6782227,0.01904297,2.059082,0.1142578,-0.078125,0.004882813
4931,34.9375,-196.4375,-115.6875,0.6240234,0.03857422,1.856445,0.1245117,-0.07714844,-0.007324219
4932,41.4375,-199.25,-123.4375,0.6240234,0.03466797,1.676758,0.1245117,-0.07714844,-0.007324219
4934,39.125,-194.25,-128.5625,0.5615234,0.01123047,1.251953,0.1245117,-0.07714844,-0.007324219
4935,38.0625,-190.4375,-131,0.5146484,0.05029297,0.9165039,0.1337891,-0.08398438,-0.009765625
4937,38.75,-186.6875,-132.75,0.4873047,0.1323242,0.7719727,0.1337891,-0.08398438,-0.009765625
4938,33.625,-182.375,-130.875,0.4169922,0.253418,0.5771484,0.1337891,-0.08398438,-0.009765625
4940,28.9375,-178.75,-129,0.4287109,0.2963867,0.4677734,0.1337891,-0.08398438,-0.009765625
4941,25.75,-171.75,-125.875,0.4169922,0.3237305,0.4521484,0.1513672,-0.08642578,-0.02099609
4943,20.6875,-163.75,-120.125,0.3701172,0.4287109,0.4365234,0.1513672,-0.08642578,-0.02099609
4944,13.5625,-157.75,-115.125,0.3276367,0.5380859,0.4560547,0.1513672,-0.08642578,-0.02099609
4946,4.75,-156.6875,-108.6875,0.2416992,0.5654297,0.4951172,0.1689453,-0.08740234,-0.02246094
4947,-4.625,-159.3125,-100.4375,0.206543,0.5966797,0.5537109,0.1689453,-0.08740234,-0.02246094
4949,-11.25,-165.5625,-94.75,0.175293,0.6123047,0.6665039,0.1689453,-0.08740234,-0.02246094
4950,-19.125,-172.9375,-88.5,0.175293,0.6552734,0.7329102,0.1699219,-0.09179688,-0.02636719
4952,-24.25,-179.625,-82.0625,0.1518555,0.6938477,0.8657227,0.1699219,-0.09179688,-0.02636719
4953,-29.4375,-187.375,-73.4375,0.1401367,0.7290039,0.9633789,0.1699219,-0.09179688,-0.02636719
4955,-32.875,-194.5,-64.6875,0.08544922,0.6938477,1.005859,0.1699219,-0.09179688,-0.02636719
4956,-34.4375,-202.625,-56.0625,0.03857422,0.7368164,1.044922,0.1699219,-0.09179688,-0.02636719
4958,-35.0625,-210.6875,-47.0625,0.03076172,0.7485352,1.048828,0.1699219,-0.09179688,-0.02636719
4959,-34.8125,-218.625,-39.875,0.01513672,0.7055664,1.087891,0.1699219,-0.09179688,-0.02636719
4961,-34.0625,-226.0625,-32.6875,-0.01123047,0.7094727,1.134766,0.1713867,-0.09765625,-0.06298828
4962,-33.375,-234.4375,-25.25,-0.03466797,0.6860352,1.138672,0.1713867,-0.09765625,-0.06298828
4964,-31.8125,-242.5625,-18.625,-0.08935547,0.6630859,1.150391,0.1713867,-0.09765625,-0.06298828
4965,-30.3125,-250.8125,-11.5625,-0.1518555,0.6396484,1.173828,0.1748047,-0.09423828,-0.07958984
4967,-28.0625,-260.875,-5.5625,-0.1518555,0.6630859,1.150391,0.1748047,-0.09423828,-0.07958984
4968,-26.5625,-270.3125,0.0625,-0.1948242,0.6240234,1.126953,0.1748047,-0.09423828,-0.07958984
4970,-24.1875,-277,4.6875,-0.1987305,0.5927734,1.115234,0.1748047,-0.09423828,-0.07958984
4971,-21.125,-284.125,9.375,-0.1987305,0.6044922,1.099609,0.1748047,-0.09423828,-0.07958984
4973,-18.5625,-290.625,13.25,-0.2416992,0.5498047,1.095703,0.1748047,-0.09423828,-0.07958984
4974,-15.0625,-296.5,17.5,-0.2729492,0.5029297,1.044922,0.1748047,-0.09423828,-0.07958984
4976,-11.6875,-302.25,21,-0.2729492,0.4794922,1.052734,0.1689453,-0.1025391,-0.1074219
4977,-7.8125,-306.3125,23.0625,-0.2729492,0.4404297,1.021484,0.1689453,-0.1025391,-0.1074219
4979,-3.3125,-309.75,25.8125,-0.3081055,0.3779297,1.009766,0.1689453,-0.1025391,-0.1074219
4980,1.625,-312.8125,27.375,-0.331543,0.3623047,0.9868164,0.1582031,-0.1049805,-0.128418
4982,5.8125,-315.5,28.0625,-0.3427734,0.2885742,0.9555664,0.1582031,-0.1049805,-0.128418
4983,10.4375,-317,29.375,-0.3505859,0.2495117,0.9008789,0.1582031,-0.1049805,-0.128418
4985,14.5625,-318.625,28.875,-0.3896484,0.222168,0.9125977,0.1455078,-0.1010742,-0.1464844
4986,19,-318,28.375,-0.4013672,0.1635742,0.9008789,0.1455078,-0.1010742,-0.1464844
4988,21.5,-317.5,26.5,-0.4365234,0.1010742,0.9438477,0.1455078,-0.1010742,-0.1464844
4989,24,-317.125,25.375,-0.5185547,0.06201172,0.9438477,0.1455078,-0.1010742,-0.1464844
4991,26.6875,-315.1875,23.3125,-0.5263672,-0.07373047,0.9399414,0.1420898,-0.1035156,-0.1630859
4992,31.1875,-312.625,17.375,-0.4873047,-0.1870117,0.9516602,0.1420898,-0.1035156,-0.1630859
4994,36.0625,-307.3125,9.1875,-0.4326172,-0.2182617,0.9829102,0.1420898,-0.1035156,-0.1630859
4995,39.5,-300.875,-0.0625,-0.4990234,-0.2573242,0.9750977,0.1245117,-0.1000977,-0.1816406
4997,41,-298.0625,-8.125,-0.5107422,-0.2612305,0.9399414,0.1245117,-0.1000977,-0.1816406
4998,45.1875,-295.0625,-16.25,-0.5498047,-0.284668,0.9321289,0.1245117,-0.1000977,-0.1816406
5000,49.4375,-293.375,-23.1875,-0.6044922,-0.2495117,1.025391,0.1118164,-0.1035156,-0.1899414
5001,56.125,-289.3125,-29.1875,-0.6318359,-0.253418,1.060547,0.1118164,-0.1035156,-0.1899414
5003,62.625,-287.0625,-35.125,-0.6665039,-0.2416992,1.083984,0.1118164,-0.1035156,-0.1899414
5004,72.125,-283.4375,-39.625,-0.7055664,-0.206543,1.150391,0.1118164,-0.1035156,-0.1899414
5006,78.75,-280.9375,-43.125,-0.7211914,-0.2182617,1.181641,0.09765625,-0.09423828,-0.1953125
5008,85.875,-278.0625,-45.625,-0.7211914,-0.1831055,1.197266,0.09765625,-0.09423828,-0.1953125
5010,89,-274.25,-47.3125,-0.7602539,-0.1635742,1.224609,0.09765625,-0.09423828,-0.1953125
5011,93.25,-272,-47.8125,-0.7797852,-0.1166992,1.244141,0.08398438,-0.09423828,-0.199707
5013,94.0625,-270.1875,-48.25,-0.7797852,-0.1088867,1.294922,0.08398438,-0.09423828,-0.199707
5014,92.9375,-267.75,-49.125,-0.7485352,-0.06201172,1.302734,0.08398438,-0.09423828,-0.199707
5016,91.875,-262.25,-49.375,-0.7446289,-0.06201172,1.364746,0.07666016,-0.08398438,-0.2133789
5017,90.875,-255.9375,-50.0625,-0.7094727,-0.03857422,1.45459,0.07666016,-0.08398438,-0.2133789
5019,90.625,-249.6875,-50.5625,-0.7211914,-0.03857422,1.587402,0.07666016,-0.08398438,-0.2133789
5020,92.125,-244.625,-50.5,-0.7290039,-0.01123047,1.634277,0.07666016,-0.08398438,-0.2133789
5022,94.1875,-241.375,-50.1875,-0.7524414,0.007324219,1.829102,0.07666016,-0.08398438,-0.2133789
5023,96.3125,-240.3125,-49.1875,-0.8188477,0.1010742,1.973633,0.07666016,-0.08398438,-0.2133789
5025,100,-240.9375,-47.75,-0.8422852,0.1088867,2.027832,0.07666016,-0.08398438,-0.2133789
5026,103,-244.25,-44.875,-0.9360352,0.2104492,2.125488,0.06054688,-0.08398438,-0.1982422
5028,105.4375,-250.1875,-40.9375,-1.001953,0.300293,2.172363,0.06054688,-0.08398438,-0.1982422
5029,106.625,-257.5625,-35.25,-1.064453,0.3427734,2.168457,0.06054688,-0.08398438,-0.1982422
5031,108.4375,-264.3125,-29.3125,-1.091797,0.3896484,2.156738,0.06152344,-0.07714844,-0.1870117
5032,109.5625,-268.875,-23.75,-1.126953,0.4482422,2.133301,0.06152344,-0.07714844,-0.1870117
5034,111,-270.1875,-17.125,-1.150391,0.4912109,2.105957,0.06152344,-0.07714844,-0.1870117
5035,111.75,-271.25,-9.125,-1.224609,0.5732422,2.129395,0.06152344,-0.07714844,-0.1870117
5037,112.5,-272.9375,-1.25,-1.275391,0.5927734,2.164551,0.06152344,-0.07714844,-0.1870117
5038,113.375,-274.25,8.0625,-1.349121,0.6044922,2.172363,0.06152344,-0.07714844,-0.1870117
5040,114.625,-273.5625,17.8125,-1.42334,0.5966797,2.168457,0.06152344,-0.07714844,-0.1870117
5041,116.5,-275.0625,28.1875,-1.478027,0.5654297,2.125488,0.05126953,-0.06640625,-0.1855469
5043,117.1875,-274.4375,37.5,-1.520996,0.5380859,2.109863,0.05126953,-0.06640625,-0.1855469
5044,116.75,-274,47.625,-1.571777,0.4951172,2.012207,0.05126953,-0.06640625,-0.1855469
5046,116.4375,-273.8125,55.4375,-1.575684,0.4169922,1.907227,0.04296875,-0.05810547,-0.1938477
5047,116.25,-273.625,64.1875,-1.64209,0.4248047,1.80957,0.04296875,-0.05810547,-0.1938477
5049,116.25,-270.875,71.875,-1.64209,0.3583984,1.668945,0.04296875,-0.05810547,-0.1938477
5050,114.625,-265.125,80.5625,-1.622559,0.3081055,1.532715,0.04443359,-0.05712891,-0.1938477
5052,114.1875,-257.5625,88.6875,-1.661621,0.2651367,1.497559,0.04443359,-0.05712891,-0.1938477
5053,112.1875,-247.5,96.8125,-1.672852,0.222168,1.39209,0.04443359,-0.05712891,-0.1938477
5055,110.5625,-235.625,104.375,-1.680664,0.1713867,1.279297,0.04443359,-0.05712891,-0.1938477
5056,108.125,-223.125,111.875,-1.731445,0.128418,1.228516,0.03027344,-0.05957031,-0.199707
5058,105.9375,-212.0625,118.5,-1.774414,0.06982422,1.181641,0.03027344,-0.05957031,-0.199707
5059,102.9375,-200.5625,125.5,-1.797852,0,1.115234,0.03027344,-0.05957031,-0.199707
5061,98.25,-192.0625,131.625,-1.891602,-0.04248047,1.072266,0.01855469,-0.05615234,-0.2011719
5062,91.5625,-183,137.25,-1.954102,-0.1791992,0.9711914,0.01855469,-0.05615234,-0.2011719
5064,84.25,-174.4375,140.5625,-1.99707,-0.2729492,0.8852539,0.01855469,-0.05615234,-0.2011719
5065,79.5625,-164.1875,142,-2.074707,-0.4091797,0.8852539,0.01171875,-0.06640625,-0.2094727
5067,72.5,-153.25,141,-2.215332,-0.5771484,0.7680664,0.01171875,-0.06640625,-0.2094727
5068,64.1875,-144,136.875,-2.289551,-0.7446289,0.6743164,0.01171875,-0.06640625,-0.2094727
5070,56.25,-134.3125,131.1875,-2.4375,-0.8071289,0.6474609,0.01171875,-0.06640625,-0.2094727
5071,49.75,-125.5,123,-2.550781,-0.9633789,0.5107422,-0.004394531,-0.06054688,-0.2133789
5073,42.5,-116.0625,112.625,-2.640625,-1.056641,0.4326172,-0.004394531,-0.06054688,-0.2133789
5074,33.9375,-106.8125,99.1875,-2.737793,-1.201172,0.253418,-0.004394531,-0.06054688,-0.2133789
5076,28.5625,-94.3125,83,-2.769043,-1.314453,0.05029297,-0.01220703,-0.06396484,-0.2207031
5077,23.375,-81.8125,64.8125,-2.741699,-1.384277,-0.05419922,-0.01220703,-0.06396484,-0.2207031
5079,23.3125,-67.125,46.5625,-2.718262,-1.505371,-0.2104492,-0.01220703,-0.06396484,-0.2207031
5080,26.1875,-46.6875,27.875,-2.609375,-1.567871,-0.3701172,-0.01708984,-0.06542969,-0.2329102
5082,31.125,-25.6875,10.5,-2.511719,-1.583496,-0.4091797,-0.01708984,-0.06542969,-0.2329102
5083,39.1875,-2.1875,-4.6875,-2.375,-1.493652,-0.4287109,-0.01708984,-0.06542969,-0.2329102
5085,46.9375,21.5,-15.6875,-2.227051,-1.345215,-0.3740234,-0.01708984,-0.06542969,-0.2329102
5086,52.5625,46.5625,-24.75,-2.172363,-1.244141,-0.3120117,-0.01708984,-0.06542969,-0.2329102
5088,54.0625,67.4375,-32.5625,-2.059082,-1.001953,-0.1362305,-0.01708984,-0.06542969,-0.2329102
5089,53.4375,84.625,-37.375,-1.96582,-0.7563477,0.08544922,-0.01708984,-0.06542969,-0.2329102
5091,48.375,97.0625,-40.6875,-1.926758,-0.6162109,0.1831055,-0.006347656,-0.07128906,-0.2231445
5092,40.125,105.4375,-41.9375,-1.817383,-0.3974609,0.4287109,-0.006347656,-0.07128906,-0.2231445
5094,31.0625,111,-41.0625,-1.786133,-0.206543,0.6513672,-0.006347656,-0.07128906,-0.2231445
5095,22.625,114.25,-40.625,-1.657715,-0.1166992,0.7602539,0.0009765625,-0.06542969,-0.2275391
5097,11.375,117.875,-38.6875,-1.540527,0.03466797,0.9672852,0.0009765625,-0.06542969,-0.2275391
5098,25.0625,143.5625,-37.4375,-1.103516,0.1010742,0.4638672,0.0009765625,-0.06542969,-0.2275391
5100,-10.4375,177.0625,-20.125,0.2299805,0.5185547,-1.224609,0.0009765625,-0.06542969,-0.2275391
5101,-97.625,252.6875,-19.8125,1.107422,0.3349609,0.8774414,0.0009765625,-0.06542969,-0.2275391
5103,-36.375,220.5,-28,-0.5068359,0.7055664,1.821289,0.0009765625,-0.06542969,-0.2275391
5106,-66.125,119.5625,-30.6875,-0.1323242,0.4521484,2.464844,0.0009765625,-0.06542969,-0.2275391
5108,-61.3125,143.3125,-34.8125,-0.2612305,0.4833984,1.770508,0.03271484,-0.05615234,-0.2119141
5109,-54.4375,128.875,-37.3125,0.1831055,0.5615234,0.9829102,0.03271484,-0.05615234,-0.2119141
5111,-37,150.375,-38.25,1.294922,0.5576172,0.5615234,0.03271484,-0.05615234,-0.2119141
5112,-27.5,208,-44.875,1.201172,0.4287109,0.04638672,0.03857422,-0.04785156,-0.2260742
5114,-16.1875,283.375,-45.8125,1.044922,0.5888672,-1.021484,0.03857422,-0.04785156,-0.2260742
5115,-44.25,375.5625,-55.25,1.326172,0.6899414,-1.283203,0.03857422,-0.04785156,-0.2260742
5117,-54.25,432.4375,-60.875,0.1323242,0.3935547,-0.2612305,0.06738281,-0.0546875,-0.2207031
5118,-79.3125,480.25,-53,-0.2416992,0.4638672,1.825195,0.06738281,-0.0546875,-0.2207031
5120,-93.4375,488,-33.25,-1.36084,0.5185547,2.97998,0.06738281,-0.0546875,-0.2207031
5121,-102.5625,423.0625,-6.25,-2.582031,0.6435547,4.812988,0.06738281,-0.0546875,-0.2207031
5123,-115.125,295.5625,10.5625,-2.956543,0.3276367,5.433105,0.08496094,-0.03515625,-0.2050781
5124,-107.375,128.125,17.8125,-2.617188,0.03076172,5.226563,0.08496094,-0.03515625,-0.2050781
5126,-86.6875,-9.5625,12.6875,-1.532715,-0.8891602,4.415039,0.08496094,-0.03515625,-0.2050781
5127,-48,-89.375,0.8125,-0.9282227,-1.232422,3.077148,0.08740234,-0.03613281,-0.2192383
5129,-9.625,-121.125,-7.875,-0.1088867,-1.166016,2.180176,0.08740234,-0.03613281,-0.2192383
5130,16.4375,-123.6875,-8.8125,0.4169922,-0.7446289,0.5146484,0.08740234,-0.03613281,-0.2192383
5132,21.25,-88.3125,-5.125,0.6704102,-0.5224609,-0.06201172,0.0859375,-0.03027344,-0.2246094
5133,14.0625,-22.5,-2,1.037109,-0.1245117,-0.5302734,0.0859375,-0.03027344,-0.2246094
5135,13.0625,50.25,-3.5,0.9243164,0.222168,-0.1791992,0.0859375,-0.03027344,-0.2246094
5136,6.625,112.4375,-3.6875,0.7211914,0.4599609,0.3935547,0.0859375,-0.03027344,-0.2246094
5138,-19.5625,142.625,-0.5,-0.07373047,0.8305664,0.6899414,0.09179688,-0.02832031,-0.2080078
5139,-40.125,127.25,1.25,-0.6083984,0.9086914,1.481934,0.09179688,-0.02832031,-0.2080078
5141,-51.75,96.1875,3.875,-0.6435547,0.8696289,1.758789,0.09179688,-0.02832031,-0.2080078
5142,-60.375,57.6875,5.1875,-0.6591797,0.6977539,2.004395,0.09667969,-0.02685547,-0.2133789
5144,-60.875,22.5625,5.375,-0.4599609,0.3198242,1.915039,0.09667969,-0.02685547,-0.2133789
5145,-58.1875,4.875,6.8125,-0.2299805,0.1206055,1.719727,0.09667969,-0.02685547,-0.2133789
5147,-58.8125,5.375,7.5,0.01513672,-0.2338867,1.322266,0.09326172,-0.01904297,-0.2192383
5148,-49.8125,9.8125,7.4375,0.07763672,-0.3740234,1.181641,0.09326172,-0.01904297,-0.2192383
5150,-45,16.75,7.9375,0.1245117,-0.2807617,1.138672,0.09326172,-0.01904297,-0.2192383
5151,-39.75,23.375,6.4375,0.1245117,-0.04248047,1.240234,0.09326172,-0.01904297,-0.2192383
5153,-33.5625,27.8125,5,-0.03076172,0.1948242,1.310547,0.09326172,-0.01904297,-0.2192383
5154,-28.8125,27,3.875,-0.09716797,0.284668,1.349121,0.09326172,-0.01904297,-0.2192383
5156,-26.9375,19.9375,2.4375,-0.1635742,0.331543,1.333496,0.09326172,-0.01904297,-0.2192383
5157,-28.1875,10.6875,2.625,-0.1401367,0.253418,1.228516,0.1010742,-0.02099609,-0.2192383
5159,-31,3.875,3.375,-0.08544922,0.1401367,1.189453,0.1010742,-0.02099609,-0.2192383
5160,-27,-0.125,2,-0.02685547,-0.007324219,1.146484,0.1010742,-0.02099609,-0.2192383
5162,-21.5,-0.0625,2.25,0.01123047,-0.01513672,1.091797,0.09521484,-0.02099609,-0.2207031
5163,-20.5625,2.9375,2.625,0.02294922,0,1.099609,0.09521484,-0.02099609,-0.2207031
5165,-15.5,2.8125,2,0,0.04638672,1.126953,0.09521484,-0.02099609,-0.2207031
5166,-12.8125,1.25,1.5,-0.01513672,0.1049805,1.115234,0.09521484,-0.02099609,-0.2207031
5168,-10.75,0.9375,0.4375,-0.02685547,0.1088867,1.072266,0.09521484,-0.02099609,-0.2207031
5169,-8.875,0.4375,0.0625,0,0.09716797,1.048828,0.09521484,-0.02099609,-0.2207031
5171,-7,2.0625,-0.5,-0.003417969,0.06201172,1.025391,0.09521484,-0.02099609,-0.2207031
5172,-5.625,2.0625,-0.25,-0.01513672,0.05419922,1.048828,0.09667969,-0.01904297,-0.2163086
5174,-2.9375,2.25,-0.75,0.007324219,0.06201172,1.052734,0.09667969,-0.01904297,-0.2163086
5175,-0.5,4.125,-1.25,0.03076172,0.05029297,1.087891,0.09667969,-0.01904297,-0.2163086
5177,3.75,5.25,-2.4375,0.003417969,0.03466797,1.123047,0.1000977,-0.008300781,-0.2246094
5178,8.5625,5.3125,-2.875,-0.003417969,0.03857422,1.115234,0.1000977,-0.008300781,-0.2246094
5180,12.0625,5.3125,-3.5,-0.01513672,0.05810547,1.072266,0.1000977,-0.008300781,-0.2246094
5181,13.5,5.125,-3.8125,-0.007324219,0.06982422,1.037109,0.1025391,-0.01416016,-0.2192383
5183,14,5.25,-3,-0.003417969,0.06982422,0.9790039,0.1025391,-0.01416016,-0.2192383
5184,14.75,6.0625,-2.9375,0.01123047,0.09326172,0.9672852,0.1025391,-0.01416016,-0.2192383
5186,13.5,6.5,-3.125,-0.01513672,0.09716797,0.9868164,0.1025391,-0.01416016,-0.2192383
5187,13.4375,6.6875,-2.75,-0.01513672,0.1166992,1.001953,0.09912109,-0.02001953,-0.2192383
5189,13.75,6.125,-2.8125,-0.007324219,0.07763672,0.9829102,0.09912109,-0.02001953,-0.2192383
5190,14,5.25,-2.8125,0.007324219,0.1010742,0.9633789,0.09912109,-0.02001953,-0.2192383
5192,13.6875,6.1875,-2.0625,0.003417969,0.09326172,0.9516602,0.09912109,-0.01513672,-0.2119141
5193,12.625,6.5625,-1.8125,0.01513672,0.1088867,0.9516602,0.09912109,-0.01513672,-0.2119141
5195,13.375,7.625,-2.625,0.003417969,0.08544922,0.9477539,0.09912109,-0.01513672,-0.2119141
5196,11.4375,9.1875,-2.125,0.003417969,0.112793,0.9516602,0.09912109,-0.01513672,-0.2260742
5198,11.5625,10.1875,-1.6875,0.01904297,0.09716797,0.9594727,0.09912109,-0.01513672,-0.2260742
5199,10.3125,9.875,-1.6875,0.003417969,0.1323242,0.9399414,0.09912109,-0.01513672,-0.2260742
5201,9.625,10.3125,-2,0.003417969,0.1362305,0.9399414,0.09912109,-0.01513672,-0.2260742
5203,8.9375,9.8125,-1.75,0.01513672,0.128418,0.9438477,0.1010742,-0.01416016,-0.2192383
5205,7.75,9.875,-1.8125,-0.01513672,0.1088867,0.9399414,0.1010742,-0.01416016,-0.2192383
5206,6.8125,10.1875,-1.375,-0.01513672,0.1166992,0.9399414,0.1010742,-0.01416016,-0.2192383
5208,5.0625,8.3125,-0.6875,-0.02685547,0.1166992,0.8930664,0.08837891,-0.01904297,-0.2275391
5209,1.8125,7.625,0.0625,-0.03076172,0.128418,0.8930664,0.08837891,-0.01904297,-0.2275391
5211,-2.125,6.375,1.1875,-0.04248047,0.1479492,0.9047852,0.08837891,-0.01904297,-0.2275391
5212,-5.0625,3.75,2.3125,-0.03857422,0.175293,0.8735352,0.09912109,-0.009765625,-0.2133789
5214,-7.9375,2.6875,3.125,-0.01123047,0.1479492,0.8891602,0.09912109,-0.009765625,-0.2133789
5215,-9.625,2.1875,3.5625,-0.03076172,0.1362305,0.9008789,0.09912109,-0.009765625,-0.2133789
5217,-13.1875,0.125,4.4375,-0.02685547,0.1323242,0.9165039,0.09912109,-0.009765625,-0.2133789
5218,-12.5,-0.125,4.4375,-0.01513672,0.1088867,0.9672852,0.09912109,-0.009765625,-0.2133789
5220,-13.0625,-1.25,5.3125,-0.007324219,0.1206055,0.9555664,0.09912109,-0.009765625,-0.2133789
5221,-13.75,-0.375,5.125,-0.007324219,0.09716797,0.9750977,0.09912109,-0.009765625,-0.2133789
5223,-14.1875,-1.125,5.125,-0.02294922,0.1166992,0.9399414,0.105957,-0.01904297,-0.2216797
5224,-14.3125,-1.25,5.6875,-0.007324219,0.1206055,0.9711914,0.105957,-0.01904297,-0.2216797
5226,-14.625,-0.3125,4.8125,-0.003417969,0.1166992,0.9594727,0.105957,-0.01904297,-0.2216797
5227,-14.1875,0.3125,4.3125,0.01513672,0.1245117,0.9477539,0.1010742,-0.01660156,-0.2207031
5229,-13.9375,0.3125,4.1875,0.007324219,0.1088867,0.9829102,0.1010742,-0.01660156,-0.2207031
5230,-14.0625,0.8125,4.375,0.003417969,0.1206055,0.9633789,0.1010742,-0.01660156,-0.2207031
5232,-14.375,2.4375,3.4375,-0.01513672,0.1010742,0.9829102,0.1010742,-0.01660156,-0.2207031
5233,-14.3125,1.875,3.875,-0.01513672,0.1010742,0.9711914,0.1010742,-0.01660156,-0.2207031
5235,-13.6875,1.6875,3.875,-0.03076172,0.1010742,0.9829102,0.1010742,-0.01660156,-0.2207031
5236,-14.75,1.3125,3.9375,-0.03857422,0.1362305,0.9829102,0.1010742,-0.01660156,-0.2207031
5238,-15,0.375,3.5625,-0.01513672,0.128418,0.9750977,0.09667969,-0.01416016,-0.2192383
5239,-14.6875,-0.0625,3.3125,-0.01513672,0.1088867,0.9711914,0.09667969,-0.01416016,-0.2192383
5241,-14.0625,0.875,3,0.003417969,0.09326172,0.9829102,0.09667969,-0.01416016,-0.2192383
5242,-13.5625,0.625,2.4375,-0.01123047,0.09326172,1.005859,0.09765625,-0.01416016,-0.2246094
5244,-12.4375,0.5625,2.5,-0.01123047,0.112793,0.9633789,0.09765625,-0.01416016,-0.2246094
5245,-13.125,0,2.6875,-0.02685547,0.128418,0.9790039,0.09765625,-0.01416016,-0.2246094
5247,-13.25,-0.125,1.6875,-0.01904297,0.1166992,0.9594727,0.1025391,-0.005859375,-0.2207031
5248,-12.5,0.0625,1.375,0.01513672,0.09716797,0.9868164,0.1025391,-0.005859375,-0.2207031
5250,-13.3125,1.375,1.375,0.01904297,0.1088867,0.9672852,0.1025391,-0.005859375,-0.2207031
5251,-12.875,1.9375,1.75,0,0.08935547,0.9985352,0.1025391,-0.005859375,-0.2207031
5253,-13.625,2.5625,1.4375,-0.01123047,0.09716797,0.9516602,0.09912109,-0.01416016,-0.2314453
5254,-13,2.6875,1.375,-0.007324219,0.06201172,0.9438477,0.09912109,-0.01416016,-0.2314453
5256,-13.9375,3.25,1.625,0.01123047,0.07763672,0.9516602,0.09912109,-0.01416016,-0.2314453
5257,-13.125,3.625,1.75,-0.02685547,0.07763672,0.9946289,0.09521484,-0.009765625,-0.2260742
5259,-13.875,2.75,1.5625,-0.02294922,0.05810547,0.9907227,0.09521484,-0.009765625,-0.2260742
5260,-12.5,2.1875,1.8125,-0.03466797,0.08154297,0.9868164,0.09521484,-0.009765625,-0.2260742
5262,-12.1875,2.0625,1.9375,-0.02294922,0.06982422,1.013672,0.09912109,-0.01318359,-0.2275391
5263,-11.6875,1.3125,2.0625,-0.01123047,0.04638672,0.9946289,0.09912109,-0.01318359,-0.2275391
5265,-12.6875,1.5,2.6875,-0.02685547,0.07763672,0.9829102,0.09912109,-0.01318359,-0.2275391
5266,-13.4375,2.25,3.0625,-0.01513672,0.09716797,0.9672852,0.09912109,-0.01318359,-0.2275391
5268,-13.5625,2.0625,3.6875,0,0.08154297,0.9399414,0.09326172,-0.01416016,-0.2231445
5269,-14.9375,2.9375,3.25,0.007324219,0.09716797,0.9516602,0.09326172,-0.01416016,-0.2231445
5271,-14.25,3.3125,3.6875,-0.003417969,0.09716797,0.9516602,0.09326172,-0.01416016,-0.2231445
5272,-15,4.5625,3.5625,-0.01123047,0.1010742,0.9516602,0.09423828,-0.01074219,-0.2207031
5274,-15.9375,4.625,4.125,-0.007324219,0.09326172,0.9555664,0.09423828,-0.01074219,-0.2207031
5275,-15.5,3.4375,3.625,-0.01513672,0.07763672,1.001953,0.09423828,-0.01074219,-0.2207031
5277,-15.75,2.8125,3.625,-0.01123047,0.09716797,0.9711914,0.1010742,-0.01171875,-0.2192383
5278,-16.4375,3.5625,3.8125,-0.003417969,0.06201172,0.9750977,0.1010742,-0.01171875,-0.2192383
5280,-16.5,4.125,3.75,0.007324219,0.08935547,0.9399414,0.1010742,-0.01171875,-0.2192383
5281,-17.8125,5.625,3.875,-0.007324219,0.1010742,0.9086914,0.1010742,-0.01171875,-0.2192383
5283,-18.625,6.375,3.3125,-0.01123047,0.112793,0.9477539,0.1010742,-0.01171875,-0.2192383
5284,-18.875,4.75,2.9375,-0.02294922,0.07763672,0.9829102,0.1010742,-0.01171875,-0.2192383
5286,-16.125,3.875,1.6875,-0.03076172,0.06982422,0.9790039,0.1010742,-0.01171875,-0.2192383
5287,-15.6875,2.625,1.125,-0.03466797,0.06201172,0.9868164,0.09667969,-0.004882813,-0.2231445
5289,-13.8125,2.9375,0.4375,-0.04638672,0.08154297,1.005859,0.09667969,-0.004882813,-0.2231445
5290,-13.625,1.5,0.375,-0.01513672,0.04248047,0.9750977,0.09667969,-0.004882813,-0.2231445
5292,-12.5,2.375,-0.1875,-0.01904297,0.09716797,1.001953,0.09765625,-0.005859375,-0.2275391
5293,-10.875,1.3125,-0.5,-0.03076172,0.06982422,0.9829102,0.09765625,-0.005859375,-0.2275391
5295,-10.875,1.6875,-1.4375,-0.03466797,0.08935547,0.9868164,0.09765625,-0.005859375,-0.2275391
5296,-11.25,1.25,-1.0625,-0.01513672,0.01513672,0.9946289,0.09667969,-0.008300781,-0.2246094
5298,-8.875,1.625,-1.6875,0,0.08544922,1.001953,0.09667969,-0.008300781,-0.2246094
5300,-8.25,0.6875,-2.1875,-0.01904297,0.03076172,0.9985352,0.09667969,-0.008300781,-0.2246094
5302,-6.875,0.25,-2.25,-0.007324219,0.06201172,0.9946289,0.09667969,-0.008300781,-0.2246094
5303,-6.9375,0.6875,-2.9375,-0.01904297,0.04638672,0.9555664,0.09667969,-0.009765625,-0.234375
5305,-6.125,0.9375,-2.0625,-0.02294922,0.04248047,0.9829102,0.09667969,-0.009765625,-0.234375
5306,-4.8125,-0.5,-2.625,-0.01904297,0.05029297,0.9946289,0.09667969,-0.009765625,-0.234375
5308,-4.625,-0.375,-2.3125,0.003417969,0.06201172,0.9555664,0.1069336,-0.001464844,-0.2358398
5309,-3.0625,-1.625,-3,-0.02685547,0.05419922,0.9555664,0.1069336,-0.001464844,-0.2358398
5311,-4.375,-2,-2.25,-0.05029297,0.04638672,0.9438477,0.1069336,-0.001464844,-0.2358398
5312,-1.8125,-1.8125,-2.25,-0.003417969,0.03076172,0.9829102,0.1000977,-0.005859375,-0.2192383
5314,-3.1875,-1.3125,-1.6875,-0.003417969,0.05419922,0.9868164,0.1000977,-0.005859375,-0.2192383
5315,-1.875,-0.8125,-1.75,-0.02294922,0.02294922,0.9829102,0.1000977,-0.005859375,-0.2192383
5317,-1.875,-0.9375,-1.5625,0.003417969,0.06591797,0.9750977,0.1000977,-0.005859375,-0.2192383
5318,-0.6875,-1.875,-1.6875,0.007324219,0.04248047,0.9321289,0.09765625,-0.007324219,-0.2275391
5320,-0.0625,-1.4375,-2.4375,0.01123047,0.05419922,0.9321289,0.09765625,-0.007324219,-0.2275391
5321,0.0625,-2.3125,-1.25,-0.003417969,0.04638672,0.9555664,0.09765625,-0.007324219,-0.2275391
5323,0.625,-4.0625,-2.375,0.01123047,0.04248047,0.9711914,0.1025391,-0.004882813,-0.2246094
5324,0.6875,-4.25,-2,-0.007324219,0.03076172,0.9711914,0.1025391,-0.004882813,-0.2246094
5326,0.3125,-5.4375,-2.3125,0,0.05810547,0.9907227,0.1025391,-0.004882813,-0.2246094
5327,1.375,-7,-1.625,-0.003417969,0.05810547,0.9633789,0.1069336,-0.004882813,-0.234375
5329,2.0625,-8.25,-1.75,-0.003417969,0.06201172,0.9633789,0.1069336,-0.004882813,-0.234375
5330,2.5625,-10.0625,-2.125,-0.03076172,0.04638672,0.9360352,0.1069336,-0.004882813,-0.234375
5332,1.9375,-10.75,-1.75,-0.01123047,0.06591797,0.9790039,0.1069336,-0.004882813,-0.234375
5333,3.25,-12.1875,-1.4375,-0.003417969,0.03076172,0.9633789,0.1069336,-0.007324219,-0.2329102
5335,2.9375,-12.8125,-2.125,-0.007324219,0.05419922,0.9672852,0.1069336,-0.007324219,-0.2329102
5336,4.4375,-14.5,-1.875,0.007324219,0.05419922,0.9985352,0.1069336,-0.007324219,-0.2329102
5338,4.125,-14.375,-2.375,-0.01123047,0.03857422,0.9829102,0.1049805,-0.005859375,-0.2304688
5339,3.8125,-15.4375,-2.375,-0.01513672,0.06201172,0.9868164,0.1049805,-0.005859375,-0.2304688
5341,4.3125,-16.125,-2.9375,-0.01123047,0.08154297,0.9907227,0.1049805,-0.005859375,-0.2304688
5342,5.6875,-16.3125,-3.75,-0.007324219,0.07373047,0.9985352,0.1035156,-0.008300781,-0.2329102
5344,6.9375,-16.6875,-3.9375,-0.007324219,0.09326172,0.9985352,0.1035156,-0.008300781,-0.2329102
5345,7.3125,-16.8125,-5.6875,0.03466797,0.07373047,0.9711914,0.1035156,-0.008300781,-0.2329102
5347,8.9375,-16.625,-6.5,0,0.1049805,0.9829102,0.1035156,-0.008300781,-0.2329102
5348,9.5,-18,-7.875,0.01904297,0.1166992,1.021484,0.1035156,-0.008300781,-0.2329102
5350,12,-16.375,-9.5,0.01513672,0.06982422,1.029297,0.1035156,-0.008300781,-0.2329102
5351,11.625,-18,-10.4375,0.03466797,0.09326172,0.9868164,0.1035156,-0.008300781,-0.2329102
5353,12.8125,-18.0625,-10.8125,0.04638672,0.07763672,0.9829102,0.1000977,-0.002441406,-0.2246094
5354,13.8125,-17.4375,-12.375,0.04638672,0.07763672,0.9633789,0.1000977,-0.002441406,-0.2246094
5356,14.125,-20.4375,-12.8125,-0.01513672,0.06591797,0.9985352,0.1000977,-0.002441406,-0.2246094
5357,15.375,-23.375,-13.3125,0.01123047,0.07373047,0.9790039,0.09667969,-0.007324219,-0.2329102
5359,16.625,-22.75,-12.5625,0.04638672,0.06982422,0.9711914,0.09667969,-0.007324219,-0.2329102
5360,13.625,-23.75,-11.75,0.05810547,0.06201172,0.9594727,0.09667969,-0.007324219,-0.2329102
5362,14.3125,-24.5625,-10.8125,0.03076172,0.07763672,0.9555664,0.09667969,-0.007324219,-0.2329102
5363,12.6875,-25.375,-9.5625,0.04638672,0.05419922,0.9829102,0.09667969,-0.007324219,-0.2329102
5365,11.6875,-26.6875,-7.75,0.07373047,0.06201172,0.9829102,0.09667969,-0.007324219,-0.2329102
5366,12.75,-26.25,-8.5625,0.08544922,0.06591797,0.9047852,0.09667969,-0.007324219,-0.2329102
5368,9.875,-27.8125,-8.0625,0.1010742,0.07373047,0.9321289,0.1142578,-0.002441406,-0.2304688
5369,11.75,-29.125,-9.75,0.06201172,0.06201172,0.9594727,0.1142578,-0.002441406,-0.2304688
5371,9.4375,-33.125,-8.3125,0.06201172,0.06591797,0.9594727,0.1142578,-0.002441406,-0.2304688
5372,9.0625,-37.125,-6.875,0.1635742,0.07763672,0.9165039,0.09765625,-0.008300781,-0.2329102
5374,10.25,-39.1875,-4.75,0.1401367,0.06201172,0.9985352,0.09765625,-0.008300781,-0.2329102
5375,12.8125,-35.8125,-1.5,0.128418,0.07763672,0.9829102,0.09765625,-0.008300781,-0.2329102
5377,17.125,-34.125,1.875,0.1401367,0.05419922,1.095703,0.1010742,-0.00390625,-0.2231445
5378,20.25,-17.8125,5.75,0.1831055,0.09326172,1.205078,0.1010742,-0.00390625,-0.2231445
5380,23,9.3125,9.9375,0.2026367,0.06201172,1.169922,0.1010742,-0.00390625,-0.2231445
5381,34.6875,46.75,11.125,0.06982422,0.05029297,1.251953,0.1010742,-0.00390625,-0.2231445
5383,44.875,77,14.125,0.1713867,0.09326172,1.345215,0.1010742,-0.004882813,-0.234375
5384,44.0625,118.1875,11.1875,0.3081055,0.159668,1.326172,0.1010742,-0.004882813,-0.234375
5386,37.9375,161.6875,20.4375,0.7485352,-0.02685547,1.341309,0.1010742,-0.004882813,-0.234375
5387,24.8125,218.3125,21.1875,1.068359,0.2338867,1.162109,0.1010742,-0.009765625,-0.2163086
5389,0,272.4375,11.75,0.9829102,0.1674805,1.39209,0.1010742,-0.009765625,-0.2163086
5390,-14.0625,326.9375,18.4375,0.9711914,0.1088867,1.435059,0.1010742,-0.009765625,-0.2163086
5392,-34.0625,399,41.6875,2.671387,0.2885742,1.345215,0.1162109,-0.008300781,-0.2231445
5393,-29.8125,490.125,22.625,2.398438,-0.315918,1.497559,0.1162109,-0.008300781,-0.2231445
5395,-7.375,529,14.6875,0.3041992,-0.128418,1.68457,0.1162109,-0.008300781,-0.2231445
5397,-20.375,518.5625,27.8125,-1.489746,-0.1049805,1.372559,0.1162109,-0.008300781,-0.2231445
5399,-40.6875,453.75,63.875,-1.51709,0.4326172,1.48584,0.1254883,-0.01757813,-0.2036133
5400,-22.0625,487.625,56.125,-0.4677734,0.02685547,1.376465,0.1254883,-0.01757813,-0.2036133
5402,-23.0625,523.875,62.75,0.2416992,0.8579102,1.879883,0.1254883,-0.01757813,-0.2036133
5403,-62.375,577.875,45.6875,2.070801,0.7915039,2.117676,0.137207,-0.01416016,-0.1757813
5405,-12.3125,619.1875,29,1.922852,-0.1674805,1.946289,0.137207,-0.01416016,-0.1757813
5406,4.6875,670.8125,30.75,2.355469,0.1049805,1.950195,0.137207,-0.01416016,-0.1757813
5408,-0.375,730.875,25.75,2.714355,0.08935547,2.429688,0.1464844,-0.01416016,-0.1689453
5409,30.6875,834.5,18.5,1.626465,0.190918,2.309082,0.1464844,-0.01416016,-0.1689453
5411,28.3125,901.4375,4.5625,1.263672,0.08935547,1.708008,0.1464844,-0.01416016,-0.1689453
5412,71.5,955.75,-21.5625,1.005859,0.05029297,1.766602,0.1464844,-0.01416016,-0.1689453
5414,101.5625,1030.75,-51.375,1.61084,0.08935547,1.731445,0.1464844,-0.01416016,-0.1689453
5415,124.625,1101.375,-77.3125,2.105957,0.1635742,1.146484,0.1464844,-0.01416016,-0.1689453
5417,128,1134.188,-102.5625,2.65625,0.3505859,0.4052734,0.1464844,-0.01416016,-0.1689453
5418,152.9375,1179.375,-110.0625,1.96582,-0.05029297,0.159668,0.190918,-0.009765625,-0.06689453
5420,192.125,1252.25,-98.75,1.177734,-0.6123047,1.458496,0.190918,-0.009765625,-0.06689453
5421,185.875,1386.938,-65.625,-0.6044922,-0.1870117,0.6743164,0.190918,-0.009765625,-0.06689453
5423,-6.6875,1367.063,-95.9375,-6.166504,1.208984,1.731445,0.1967773,0.0004882813,0.01318359
5424,-114.0625,801.9375,25.6875,-7.988281,0.2416992,6.981934,0.1967773,0.0004882813,0.01318359
5426,161.625,339.75,-61.75,-3.861328,1.770508,4.637695,0.1967773,0.0004882813,0.01318359
5427,58.25,46.0625,-57.625,-1.005859,-0.06982422,3.947266,0.1958008,-0.00390625,0.03417969
5429,25.25,-16.375,-42,0.3583984,0.03857422,4.715332,0.1958008,-0.00390625,0.03417969
5430,67.4375,-41.75,-69.3125,0.9204102,0.6782227,4.575195,0.1958008,-0.00390625,0.03417969
5432,53.5,-79,-73.625,0.5654297,0.7836914,3.537598,0.1958008,-0.00390625,0.03417969
5433,20.5,-138.625,-60.4375,0.6552734,0.6860352,3.139648,0.2128906,0.007324219,0.04003906
5435,7.625,-161.25,-42.0625,1.044922,0.5966797,2.827637,0.2128906,0.007324219,0.04003906
5436,-19.5,-171.0625,-27.6875,0.7602539,0.6044922,2.211426,0.2128906,0.007324219,0.04003906
5438,-40.8125,-192.4375,-24.4375,0.6704102,0.4873047,2.180176,0.2304688,0.007324219,0.02294922
5439,-49.25,-212.5625,-27.75,0.6201172,0.3081055,2.08252,0.2304688,0.007324219,0.02294922
5441,-61.3125,-221.5625,-30.875,0.6044922,0.222168,1.68457,0.2304688,0.007324219,0.02294922
5442,-74.625,-226.8125,-34.25,0.5732422,0.1870117,1.497559,0.2446289,0.01220703,0.01074219
5444,-87.5625,-230.375,-36.0625,0.5107422,0.1479492,1.205078,0.2446289,0.01220703,0.01074219
5445,-99.125,-233.75,-38.9375,0.5029297,0.112793,1.048828,0.2446289,0.01220703,0.01074219
5447,-109.4375,-235.125,-41.1875,0.4990234,0.08544922,0.9946289,0.2446289,0.01220703,0.01074219
5448,-116.3125,-234.875,-45.1875,0.4912109,0.003417969,0.9868164,0.2607422,0.01318359,-0.01416016
5450,-119.0625,-235.6875,-51.125,0.4365234,-0.08154297,1.048828,0.2607422,0.01318359,-0.01416016
5451,-116.8125,-241,-57.9375,0.3974609,-0.1010742,1.064453,0.2607422,0.01318359,-0.01416016
5453,-113.3125,-247.625,-64.4375,0.3237305,-0.1206055,1.083984,0.2734375,0.0234375,-0.04052734
5454,-107.875,-256.125,-71.125,0.253418,-0.1479492,1.107422,0.2734375,0.0234375,-0.04052734
5456,-101.5,-264.875,-77.25,0.2338867,-0.1557617,1.107422,0.2734375,0.0234375,-0.04052734
5457,-94.4375,-272.8125,-83.5,0.1557617,-0.1713867,1.041016,0.2866211,0.0234375,-0.06689453
5459,-86,-281.1875,-90.5,0.1401367,-0.175293,1.052734,0.2866211,0.0234375,-0.06689453
5460,-76.25,-287.6875,-97.6875,0.09326172,-0.1479492,1.001953,0.2866211,0.0234375,-0.06689453
5462,-66.0625,-293.75,-102.4375,0.05029297,-0.128418,0.9008789,0.2866211,0.0234375,-0.06689453
5463,-56.125,-297.375,-107.5625,0.02685547,-0.04248047,0.8188477,0.293457,0.04785156,-0.09472656
5465,-45.5625,-299.75,-110.6875,0.003417969,-0.01513672,0.7797852,0.293457,0.04785156,-0.09472656
5466,-35.375,-299.25,-113.375,-0.04248047,0.05419922,0.7211914,0.293457,0.04785156,-0.09472656
5468,-26.75,-298.4375,-113.1875,-0.08544922,0.1635742,0.6821289,0.300293,0.06201172,-0.1254883
5469,-18.875,-297.125,-111.0625,-0.1401367,0.1948242,0.6474609,0.300293,0.06201172,-0.1254883
5471,-11.6875,-298.1875,-108.25,-0.1987305,0.3349609,0.5615234,0.300293,0.06201172,-0.1254883
5472,-6.0625,-296.8125,-104.0625,-0.2026367,0.4443359,0.5263672,0.2983398,0.0703125,-0.1494141
5474,0.4375,-294.25,-96.5625,-0.2104492,0.4990234,0.5498047,0.2983398,0.0703125,-0.1494141
5475,5.5,-292.625,-91.1875,-0.222168,0.6123047,0.6279297,0.2983398,0.0703125,-0.1494141
5477,9.6875,-289,-83.0625,-0.2260742,0.6396484,0.6860352,0.2983398,0.0703125,-0.1494141
5478,14.5625,-288.4375,-73.75,-0.2651367,0.6743164,0.7485352,0.2983398,0.0703125,-0.1494141
5480,20.125,-288.6875,-66.375,-0.284668,0.6743164,0.8579102,0.2983398,0.0703125,-0.1494141
5481,25.0625,-290.4375,-57.5,-0.300293,0.6743164,0.9204102,0.2983398,0.0703125,-0.1494141
5483,30.3125,-293.25,-48.6875,-0.3544922,0.6743164,0.9829102,0.300293,0.09423828,-0.1870117
5484,36,-295.75,-39.8125,-0.3701172,0.6665039,1.037109,0.300293,0.09423828,-0.1870117
5486,40.5,-300.0625,-31.4375,-0.3935547,0.6240234,1.091797,0.300293,0.09423828,-0.1870117
5487,46.625,-304.5,-23.9375,-0.3701172,0.5771484,1.119141,0.2983398,0.1118164,-0.2275391
5489,51.6875,-306.25,-17,-0.4521484,0.5458984,1.150391,0.2983398,0.1118164,-0.2275391
5490,52.5625,-309.125,-9.5625,-0.4833984,0.5068359,1.216797,0.2983398,0.1118164,-0.2275391
5492,53.5625,-313.3125,-2.9375,-0.5458984,0.5029297,1.189453,0.2983398,0.1118164,-0.2275391
5495,52.4375,-320.0625,2.4375,-0.5576172,0.2651367,1.158203,0.2983398,0.1118164,-0.2275391
5497,59.625,-328.6875,3.4375,-0.4521484,0.1870117,1.193359,0.2983398,0.1118164,-0.2275391
5498,66.25,-328.5,3.25,-0.4130859,0.1791992,1.150391,0.2983398,0.1118164,-0.2275391
5500,62.5625,-328.3125,5,-0.4638672,0.1206055,1.111328,0.2758789,0.1132813,-0.2719727
5501,65.5,-329.5,2.25,-0.4677734,0.08154297,1.166016,0.2758789,0.1132813,-0.2719727
5503,66.6875,-328.5,0.5,-0.5302734,0.04638672,1.146484,0.2758789,0.1132813,-0.2719727
5504,69.3125,-327.625,-0.6875,-0.5537109,0.03857422,1.193359,0.2607422,0.1303711,-0.2944336
5506,71.125,-325.875,-3.5,-0.5419922,0.01513672,1.201172,0.2607422,0.1303711,-0.2944336
5507,74.1875,-324.0625,-5.4375,-0.5576172,0.01513672,1.228516,0.2607422,0.1303711,-0.2944336
5509,78.3125,-321.8125,-6.4375,-0.5615234,0.02294922,1.236328,0.2363281,0.1269531,-0.3237305
5510,80.75,-319.375,-8,-0.5732422,0.01513672,1.248047,0.2363281,0.1269531,-0.3237305
5512,86.75,-315.5625,-8.75,-0.5927734,0.03857422,1.259766,0.2363281,0.1269531,-0.3237305
5513,90.625,-310.5,-9.875,-0.6162109,0.01513672,1.314453,0.2363281,0.1269531,-0.3237305
5515,96.75,-305.5625,-12.25,-0.6240234,0.03466797,1.318359,0.21875,0.1362305,-0.3266602
5516,103.8125,-299.875,-13.5,-0.6357422,0.05029297,1.36084,0.21875,0.1362305,-0.3266602
5518,110.625,-294.625,-14.1875,-0.6743164,0.02685547,1.380371,0.21875,0.1362305,-0.3266602
5519,117.3125,-291.6875,-13.3125,-0.7055664,0.04638672,1.419434,0.2070313,0.1337891,-0.3569336
5521,122.6875,-289.75,-12.625,-0.7368164,0.06591797,1.407715,0.2070313,0.1337891,-0.3569336
5522,128.1875,-287.4375,-11.875,-0.7211914,0.06591797,1.419434,0.2070313,0.1337891,-0.3569336
5524,135,-283.75,-10.8125,-0.7094727,0.03857422,1.376465,0.1816406,0.1235352,-0.3598633
5525,141.125,-278.9375,-9.8125,-0.6899414,0.03076172,1.403809,0.1816406,0.1235352,-0.3598633
5527,146.625,-272.6875,-8.5625,-0.7446289,0.01123047,1.431152,0.1816406,0.1235352,-0.3598633
5528,151.875,-265.9375,-6.8125,-0.7250977,0.003417969,1.42334,0.1816406,0.1235352,-0.3598633
5530,157.6875,-259.6875,-5.0625,-0.6899414,0.01513672,1.544434,0.1723633,0.1142578,-0.3725586
5531,162.5625,-251.6875,-3.75,-0.7094727,0.08935547,1.692383,0.1723633,0.1142578,-0.3725586
5533,167.1875,-243.625,-1.25,-0.7211914,0.112793,1.797852,0.1723633,0.1142578,-0.3725586
5534,170.6875,-237,1.375,-0.8227539,0.1987305,2.000488,0.1538086,0.08642578,-0.3808594
5536,171.5625,-235.3125,6.375,-0.8618164,0.3120117,2.195801,0.1538086,0.08642578,-0.3808594
5537,170.375,-237.4375,13.3125,-1.021484,0.4013672,2.293457,0.1538086,0.08642578,-0.3808594
5539,164.0625,-243.875,21.9375,-1.169922,0.5341797,2.402344,0.1328125,0.06542969,-0.3950195
5540,157.0625,-252.0625,32.6875,-1.255859,0.6201172,2.488281,0.1328125,0.06542969,-0.3950195
5542,148.8125,-258.25,43.625,-1.310547,0.6201172,2.496094,0.1328125,0.06542969,-0.3950195
5543,139.4375,-262.75,56.25,-1.39209,0.6591797,2.484375,0.1328125,0.06542969,-0.3950195
5545,129.9375,-265.25,66.875,-1.431152,0.6240234,2.40625,0.1328125,0.06542969,-0.3950195
5546,119,-267.75,77.4375,-1.505371,0.6083984,2.371094,0.1328125,0.06542969,-0.3950195
5548,106.9375,-268.875,86.125,-1.587402,0.5419922,2.203613,0.1328125,0.06542969,-0.3950195
5549,94.75,-270.5625,94.0625,-1.626465,0.4599609,2.125488,0.07910156,0.01220703,-0.4033203
5551,83.875,-269.75,98.9375,-1.696289,0.4091797,2.059082,0.07910156,0.01220703,-0.4033203
5552,76.75,-268.0625,102.6875,-1.754883,0.300293,1.907227,0.07910156,0.01220703,-0.4033203
5554,72.4375,-263.625,104.875,-1.790039,0.2299805,1.899414,0.05566406,-0.01318359,-0.3876953
5555,70.625,-255.9375,105.875,-1.868164,0.1323242,1.793945,0.05566406,-0.01318359,-0.3876953
5557,71,-249.1875,106.4375,-1.977539,0.09716797,1.665527,0.05566406,-0.01318359,-0.3876953
5558,71.1875,-240.8125,107,-2.008301,0.04638672,1.54834,0.0234375,-0.02099609,-0.390625
5560,73.75,-232.1875,106.5,-2.141113,-0.007324219,1.45459,0.0234375,-0.02099609,-0.390625
5561,76.0625,-223.8125,106.5625,-2.187988,-0.06982422,1.302734,0.0234375,-0.02099609,-0.390625
5563,78.125,-215.75,105.9375,-2.227051,-0.1088867,1.193359,0.0234375,-0.02099609,-0.390625
5564,79.875,-205.1875,103.6875,-2.335938,-0.2299805,0.9946289,0.002441406,-0.02490234,-0.3764648
5566,81.4375,-194,100.8125,-2.398438,-0.3427734,0.8266602,0.002441406,-0.02490234,-0.3764648
5567,80.4375,-180.5625,97.5,-2.480469,-0.4013672,0.7329102,0.002441406,-0.02490234,-0.3764648
5569,81.6875,-167.6875,91.875,-2.617188,-0.5068359,0.5849609,-0.01220703,-0.03417969,-0.3764648
5570,76.25,-152.75,85.375,-2.757324,-0.6704102,0.4443359,-0.01220703,-0.03417969,-0.3764648
5572,72.1875,-138.125,77.625,-2.819824,-0.7211914,0.3935547,-0.01220703,-0.03417969,-0.3764648
5573,67.625,-122.5625,67.5,-2.952637,-0.9360352,0.2612305,-0.02978516,-0.03759766,-0.3681641
5575,62.5,-107.3125,56.0625,-3.022461,-1.123047,0.159668,-0.02978516,-0.03759766,-0.3681641
5576,57.5,-90.625,42.625,-3.045898,-1.216797,0.1206055,-0.02978516,-0.03759766,-0.3681641
5578,52,-75.3125,28.25,-3.049805,-1.364746,0,-0.02978516,-0.03759766,-0.3681641
5579,47.5625,-55.5625,13.125,-2.976074,-1.446777,-0.112793,-0.04492188,-0.04541016,-0.355957
5581,43.9375,-36.1875,0,-2.890137,-1.466309,-0.1791992,-0.04492188,-0.04541016,-0.355957
5582,39.8125,-14,-12.6875,-2.737793,-1.438965,-0.269043,-0.04492188,-0.04541016,-0.355957
5584,35.1875,10.25,-22,-2.648438,-1.326172,-0.2456055,-0.05175781,-0.04541016,-0.3598633
5585,27.6875,36.8125,-29.625,-2.460938,-1.232422,-0.2143555,-0.05175781,-0.04541016,-0.3598633
5587,18.5625,61.0625,-35.3125,-2.316895,-1.025391,-0.09716797,-0.05175781,-0.04541016,-0.3598633
5588,6.375,81.9375,-39.9375,-2.258301,-0.7954102,0.1088867,-0.05175781,-0.04345703,-0.3598633
5590,-4.375,98,-44.125,-2.098145,-0.6860352,0.2104492,-0.05175781,-0.04345703,-0.3598633
5592,-13.1875,117.4375,-49.375,-2.417969,-0.6474609,0.5732422,-0.05175781,-0.04345703,-0.3598633
5594,36,179.9375,-52.4375,-2.664063,-0.2729492,-1.57959,-0.05175781,-0.04345703,-0.3598633
5595,-94.8125,273.5,-3.5625,-0.4443359,0.8110352,-2.675293,-0.03662109,-0.0546875,-0.3657227
5597,-123.5,414.75,-48.375,-0.8852539,-0.8969727,0.5966797,-0.03662109,-0.0546875,-0.3657227
5598,-76.125,204.125,-45.0625,-0.5966797,0.07763672,2.133301,-0.03662109,-0.0546875,-0.3657227
5600,-76.4375,199.125,-46.1875,-0.8500977,0.4287109,2.070801,-0.02050781,-0.04345703,-0.362793
5601,-88.1875,178.5625,-48.6875,-0.9047852,0.4169922,2.059082,-0.02050781,-0.04345703,-0.362793
5603,-62.125,161.0625,-44.0625,-0.1245117,0.7602539,1.205078,-0.02050781,-0.04345703,-0.362793
5604,-64.1875,166.3125,-38.3125,1.294922,0.8305664,1.166016,0.0009765625,-0.04345703,-0.3666992
5606,-48.6875,216.6875,-37.0625,1.435059,1.041016,0.6977539,0.0009765625,-0.04345703,-0.3666992
5607,-36.875,269.875,-42.375,1.236328,0.9594727,0.01513672,0.0009765625,-0.04345703,-0.3666992
5609,-22.3125,325.625,-49.5625,1.099609,1.064453,-0.2729492,0.0009765625,-0.04345703,-0.3666992
5610,-6.75,410.4375,-69.1875,0.4208984,0.9868164,0.4130859,0.0009765625,-0.04345703,-0.3666992
5612,0.4375,468.375,-72.5625,-0.206543,0.8930664,1.688477,0.0009765625,-0.04345703,-0.3666992
5613,-7.4375,472.5625,-51.5625,-1.735352,0.7563477,2.129395,0.0009765625,-0.04345703,-0.3666992
5615,-41.4375,384.0625,-9.5,-2.59375,0.9829102,3.124023,0.04882813,-0.03613281,-0.362793
5616,-89.75,275.9375,26,-2.445313,0.5654297,4.200684,0.04882813,-0.03613281,-0.362793
5618,-120.3125,178.4375,34.3125,-1.567871,0.04248047,4.645508,0.04882813,-0.03613281,-0.362793
5619,-130.875,86.8125,29,-1.033203,-0.7954102,4.430664,0.06738281,-0.03027344,-0.3530273
5621,-131.1875,12.625,20.3125,-0.7836914,-1.197266,4.052246,0.06738281,-0.03027344,-0.3530273
5622,-122.5625,-34.5625,11.3125,-0.253418,-1.595215,2.82373,0.06738281,-0.03027344,-0.3530273
5624,-104.125,-55.3125,5.4375,0.144043,-1.532715,1.544434,0.06738281,-0.03027344,-0.3530273
5625,-73.9375,-48.0625,-0.4375,0.3779297,-1.322266,0.9907227,0.06738281,-0.03027344,-0.3530273
5627,-51.1875,-10.5625,-2.25,0.6743164,-0.7524414,0.175293,0.06738281,-0.03027344,-0.3530273
5628,-38.0625,38.0625,-3,0.7094727,-0.09326172,-0.284668,0.06738281,-0.03027344,-0.3530273
5630,-33.375,84.125,-1.125,0.6123047,0.2338867,-0.2768555,0.06982422,-0.007324219,-0.3613281
5631,-43,127,2.625,0.3974609,0.9086914,0.128418,0.06982422,-0.007324219,-0.3613281
5633,-70.4375,153.875,8.125,-0.1010742,1.283203,0.6977539,0.06982422,-0.007324219,-0.3613281
5634,-96.1875,152.875,14.875,-0.3583984,1.318359,1.087891,0.07910156,-0.009765625,-0.3793945
5636,-124.8125,130.4375,19.375,-0.6704102,1.236328,1.680664,0.07910156,-0.009765625,-0.3793945
5637,-143.6875,96.0625,22.625,-0.6357422,0.8735352,1.938477,0.07910156,-0.009765625,-0.3793945
5639,-159.0625,58.8125,25.3125,-0.6044922,0.6357422,1.907227,0.07568359,-0.002441406,-0.3764648
5640,-156.6875,28.375,27,-0.4052734,0.07763672,1.891602,0.07568359,-0.002441406,-0.3764648
5642,-147.5,12.25,29.75,-0.2456055,-0.3857422,1.926758,0.07568359,-0.002441406,-0.3764648
5643,-135.3125,11.25,28.5,0.06982422,-0.6357422,1.856445,0.07568359,-0.002441406,-0.3764648
5645,-110.1875,24.3125,22.625,0.3935547,-0.9204102,2.078613,0.08496094,0.015625,-0.3740234
5646,-53.5,24.1875,25.5625,0.07763672,-0.05029297,1.372559,0.08496094,0.015625,-0.3740234
5648,-83.4375,38.75,20.1875,0.1713867,-0.1088867,1.349121,0.08496094,0.015625,-0.3740234
5649,-61.5,53.875,22.3125,0.05810547,0.1323242,0.9086914,0.08740234,0.01074219,-0.3891602
5651,-78.375,59.375,23.3125,0.03466797,0.5927734,0.7680664,0.08740234,0.01074219,-0.3891602
5652,-80,59.75,17.3125,0.05419922,0.6201172,0.8930664,0.08740234,0.01074219,-0.3891602
5654,-78.4375,53.875,12.1875,-0.06591797,0.3349609,1.189453,0.08740234,0.02148438,-0.3876953
5655,-68.9375,42.75,7.75,-0.1088867,-0.1479492,1.552246,0.08740234,0.02148438,-0.3876953
5657,-48.125,32.75,4.125,-0.1010742,-0.2963867,1.57959,0.08740234,0.02148438,-0.3876953
5658,-37.6875,26.3125,6.25,-0.128418,-0.2182617,1.333496,0.08740234,0.02148438,-0.3876953
5660,-38.5,27.875,9.125,-0.07373047,-0.1049805,1.021484,0.09179688,0.01904297,-0.3876953
5661,-28.5,29.9375,5.4375,0.05810547,-0.1635742,1.146484,0.09179688,0.01904297,-0.3876953
5663,-17.125,24.9375,4.5,-0.05029297,0.02294922,1.150391,0.09179688,0.01904297,-0.3876953
5664,-21.5625,22.6875,4.5625,-0.04638672,0.05810547,1.052734,0.08154297,0.02734375,-0.3935547
5666,-15.75,21,2.5,-0.003417969,0.01513672,1.029297,0.08154297,0.02734375,-0.3935547
5667,-11.125,18.875,1.75,-0.03857422,-0.01123047,1.021484,0.08154297,0.02734375,-0.3935547
5669,-11.8125,18.5625,2.5,-0.01123047,-0.04638672,1.060547,0.09521484,0.02148438,-0.3950195
5670,-6,13.0625,1.5625,-0.1010742,-0.04248047,1.119141,0.09521484,0.02148438,-0.3950195
5672,-6.75,8.6875,1.375,-0.05419922,0.06591797,1.033203,0.09521484,0.02148438,-0.3950195
5673,-6.625,8.3125,0.75,-0.01513672,0.01513672,1.005859,0.09521484,0.02148438,-0.3950195
5675,-3.625,8.0625,0,0.01904297,0.01513672,0.9829102,0.09521484,0.02148438,-0.3950195
5676,-2.4375,8.3125,0.1875,-0.03466797,0.01513672,0.9907227,0.09521484,0.02148438,-0.3950195
5678,-0.75,7,-0.3125,-0.03857422,-0.02294922,0.9907227,0.09521484,0.02148438,-0.3950195
5679,-0.5,6.875,0.5625,-0.02685547,0.02294922,0.9868164,0.09912109,0.02832031,-0.3891602
5681,0.6875,6.625,0,0.01513672,0,0.9672852,0.09912109,0.02832031,-0.3891602
5682,1.125,7.4375,0.5,0.01513672,0.003417969,0.9829102,0.09912109,0.02832031,-0.3891602
5684,2.0625,7.5,0.75,-0.007324219,0.01513672,0.9711914,0.09423828,0.02832031,-0.3862305
5685,2.5,7.5625,0.3125,-0.01513672,0.007324219,1.013672,0.09423828,0.02832031,-0.3862305
5687,3.25,8,0.25,-0.007324219,0.01513672,0.9672852,0.09423828,0.02832031,-0.3862305
5689,3.875,8.9375,-0.5625,-0.01904297,0.03076172,0.9985352,0.08740234,0.02929688,-0.3876953
5691,3.25,7.9375,-0.375,-0.01513672,0.03466797,0.9829102,0.08740234,0.02929688,-0.3876953
5692,4.5,6.4375,-0.75,-0.03076172,0.01513672,0.9946289,0.08740234,0.02929688,-0.3876953
5694,4.625,6.6875,-0.625,-0.03466797,0.03466797,1.001953,0.08740234,0.02929688,-0.3876953
5695,4.125,7,-0.75,-0.04638672,0.02685547,0.9711914,0.09082031,0.02490234,-0.3862305
5697,3.625,5.8125,-0.375,-0.03076172,0.03076172,0.9985352,0.09082031,0.02490234,-0.3862305
5698,3.375,5.375,-0.375,-0.05029297,0.04248047,1.001953,0.09082031,0.02490234,-0.3862305
5700,3.3125,4.5,-0.6875,-0.04638672,0.03076172,0.9907227,0.09521484,0.02587891,-0.3891602
5701,3.6875,4.3125,-0.5625,-0.05029297,0.03466797,1.001953,0.09521484,0.02587891,-0.3891602
5703,2.5,3.8125,-0.5,-0.04248047,0.03466797,1.001953,0.09521484,0.02587891,-0.3891602
5704,3.4375,3.3125,-0.5,-0.03076172,0.02294922,0.9672852,0.1000977,0.03417969,-0.3920898
5706,2.375,3.875,0,-0.03466797,0.02685547,0.9907227,0.1000977,0.03417969,-0.3920898
5707,2.875,2.8125,-0.4375,-0.03857422,0.04248047,0.9868164,0.1000977,0.03417969,-0.3920898
5709,2.3125,2.0625,-0.4375,-0.03466797,0.04638672,0.9946289,0.1000977,0.03417969,-0.3920898
5710,2.375,2.125,-0.875,-0.04638672,0.04248047,0.9477539,0.1000977,0.02734375,-0.3959961
5712,2.875,2,-1.125,-0.03857422,0.03466797,0.9790039,0.1000977,0.02734375,-0.3959961
5713,3.25,1.375,-1.375,-0.04248047,0.04638672,0.9985352,0.1000977,0.02734375,-0.3959961
5715,3.125,2.0625,-1.4375,-0.03076172,0.03076172,0.9829102,0.1035156,0.02832031,-0.390625
5716,3.4375,1.5,-1.5625,-0.01904297,0.03076172,0.9907227,0.1035156,0.02832031,-0.390625
5718,3.75,1.1875,-2,-0.04638672,0.06201172,0.9829102,0.1035156,0.02832031,-0.390625
5719,4,0.8125,-1.9375,-0.05029297,0.03466797,0.9946289,0.09912109,0.01660156,-0.3837891
5721,3.6875,0.9375,-1.625,-0.03076172,0.04248047,1.005859,0.09912109,0.01660156,-0.3837891
5722,4.0625,0.4375,-2,-0.02685547,0.01513672,0.9868164,0.09912109,0.01660156,-0.3837891
5724,4.5,0.875,-1.875,-0.03857422,0.04638672,0.9829102,0.09912109,0.01660156,-0.3837891
5725,4.1875,0.4375,-2.5625,-0.03466797,0.03466797,0.9829102,0.1000977,0.02734375,-0.3891602
5727,4,0.125,-2.5,-0.04638672,0.03466797,0.9829102,0.1000977,0.02734375,-0.3891602
5728,3.75,-0.0625,-2.375,-0.05029297,0.02294922,0.9750977,0.1000977,0.02734375,-0.3891602
5730,4.1875,-0.0625,-2.25,-0.03076172,0.03076172,0.9633789,0.09082031,0.02929688,-0.3852539
5731,3.8125,-0.625,-1.6875,-0.03466797,0.04248047,0.9829102,0.09082031,0.02929688,-0.3852539
5733,3.0625,-1.625,-1.875,-0.03076172,0.01513672,0.9672852,0.09082031,0.02929688,-0.3852539
5734,3.9375,-1.125,-2.0625,-0.01123047,0.03466797,0.9672852,0.1025391,0.0234375,-0.3823242
5736,4.625,-1.4375,-1.9375,-0.02294922,0.01513672,0.9321289,0.1025391,0.0234375,-0.3823242
5737,3,-1.3125,-1.375,-0.01513672,0.05029297,0.9516602,0.1025391,0.0234375,-0.3823242
5739,3.9375,-2,-2.5,-0.03076172,0.05810547,0.9829102,0.1025391,0.0234375,-0.3823242
5740,5.125,-3.0625,-3.125,-0.007324219,0.03076172,0.9829102,0.1025391,0.0234375,-0.3823242
5742,4.9375,-2.25,-2.8125,-0.01513672,0.02685547,0.9516602,0.1025391,0.0234375,-0.3823242
5743,5.6875,-1.5625,-2.625,-0.01904297,0.01513672,0.9711914,0.1025391,0.0234375,-0.3823242
5745,5.1875,-1.8125,-2.8125,-0.02685547,0.03466797,0.9633789,0.09326172,0.02148438,-0.3852539
5746,5.1875,-2.75,-3.3125,0.003417969,0.06201172,0.9516602,0.09326172,0.02148438,-0.3852539
5748,6.375,-3.25,-3.4375,-0.01513672,0.03857422,0.9672852,0.09326172,0.02148438,-0.3852539
5749,5.9375,-3.9375,-3.375,-0.03076172,0.04638672,0.9672852,0.1025391,0.01904297,-0.3852539
5751,6.25,-3.375,-3.3125,-0.04248047,0.04638672,0.9750977,0.1025391,0.01904297,-0.3852539
5752,6.25,-3.4375,-3.6875,-0.02294922,0.03466797,0.9829102,0.1025391,0.01904297,-0.3852539
5754,5.4375,-3.9375,-3.625,-0.01513672,0.04248047,0.9516602,0.1025391,0.01904297,-0.3852539
5755,5.5,-3.6875,-3.4375,-0.03857422,0.05810547,0.9907227,0.1025391,0.01904297,-0.3852539
5757,5.875,-3.9375,-3.625,-0.04638672,0.04638672,0.9829102,0.1025391,0.01904297,-0.3852539
5758,5.4375,-3.625,-3.625,-0.01513672,0.04638672,0.9829102,0.1025391,0.01904297,-0.3852539
5760,5.0625,-4,-3.1875,-0.02685547,0.04638672,0.9750977,0.09179688,0.02490234,-0.3852539
5761,5.125,-4.25,-3.75,-0.02685547,0.04638672,0.9516602,0.09179688,0.02490234,-0.3852539
5763,4.625,-4.25,-3.6875,-0.05029297,0.05810547,0.9438477,0.09179688,0.02490234,-0.3852539
5764,4.9375,-4.0625,-3.875,0,0.06201172,0.9516602,0.1010742,0.01904297,-0.3920898
5766,4.6875,-4.0625,-3.9375,-0.007324219,0.03857422,0.9868164,0.1010742,0.01904297,-0.3920898
5767,4.875,-4.5625,-3.375,-0.02294922,0.05029297,0.9829102,0.1010742,0.01904297,-0.3920898
5769,5.0625,-4.25,-3.25,-0.04638672,0.05029297,0.9516602,0.09765625,0.02929688,-0.390625
5770,5.125,-5.5625,-3.3125,-0.01904297,0.03466797,0.9829102,0.09765625,0.02929688,-0.390625
5772,5.0625,-4.375,-3.9375,-0.01513672,0.04248047,0.9555664,0.09765625,0.02929688,-0.390625
5773,5.5,-4.8125,-3.125,-0.003417969,0.04638672,0.9711914,0.09765625,0.02929688,-0.390625
5775,5.3125,-4.8125,-3.5625,-0.007324219,0.05029297,0.9594727,0.1000977,0.015625,-0.3823242
5776,5.4375,-5,-3.5,-0.03466797,0.05029297,0.9477539,0.1000977,0.015625,-0.3823242
5778,5.125,-4.875,-4.125,-0.01123047,0.03076172,0.9516602,0.1000977,0.015625,-0.3823242
5779,6,-5.4375,-4,-0.01123047,0.05029297,0.9829102,0.09521484,0.02001953,-0.3862305
5781,6.4375,-5.875,-4.6875,-0.003417969,0.04638672,0.9555664,0.09521484,0.02001953,-0.3862305
5782,6.3125,-6.6875,-4.25,0.007324219,0.04638672,0.9594727,0.09521484,0.02001953,-0.3862305
5784,5.75,-6.875,-4.8125,-0.01123047,0.06591797,0.9672852,0.09423828,0.02001953,-0.3876953
5786,6.6875,-7.25,-5.3125,-0.007324219,0.05810547,0.9633789,0.09423828,0.02001953,-0.3876953
5788,6.375,-6.875,-4.9375,-0.01513672,0.04638672,0.9594727,0.09423828,0.02001953,-0.3876953
5789,5.25,-7.625,-5.25,-0.01513672,0.06591797,0.9672852,0.09423828,0.02001953,-0.3876953
5791,6,-7.4375,-5.4375,0.003417969,0.06201172,0.9477539,0.09423828,0.02001953,-0.3876953
5792,5.9375,-7.875,-5.4375,-0.01513672,0.03076172,0.9477539,0.09423828,0.02001953,-0.3876953
5794,5,-8.6875,-5.0625,0,0.05810547,0.9790039,0.09423828,0.02001953,-0.3876953
5795,5.0625,-9.25,-4.875,-0.007324219,0.05419922,0.9672852,0.09082031,0.02246094,-0.390625
5797,5.25,-9,-4.5625,-0.003417969,0.05029297,0.9711914,0.09082031,0.02246094,-0.390625
5798,6,-10.375,-4.875,-0.01123047,0.06982422,0.9477539,0.09082031,0.02246094,-0.390625
5800,5.6875,-10.75,-4.3125,-0.01513672,0.05029297,0.9633789,0.09179688,0.02246094,-0.3837891
5801,5.25,-11.9375,-4.5625,-0.02685547,0.05029297,0.9438477,0.09179688,0.02246094,-0.3837891
5803,6,-12.75,-4.5,-0.02294922,0.05029297,0.9477539,0.09179688,0.02246094,-0.3837891
5804,5.6875,-13.0625,-5.3125,-0.02685547,0.05029297,0.9555664,0.09179688,0.02246094,-0.3837891
5806,5.875,-13.6875,-4.8125,-0.007324219,0.04638672,0.9750977,0.09179688,0.02246094,-0.3837891
5807,6.625,-14.8125,-5.25,0.01123047,0.05810547,0.9633789,0.09179688,0.02246094,-0.3837891
5809,6.1875,-15.5,-5.125,0.01513672,0.05810547,0.9555664,0.09179688,0.02246094,-0.3837891
5810,6.875,-16.6875,-5.75,0.01513672,0.05810547,0.9594727,0.09521484,0.01904297,-0.390625
5812,7.8125,-16.9375,-5.5,0.003417969,0.04638672,0.9868164,0.09521484,0.01904297,-0.390625
5813,7.8125,-19.25,-6.125,0.01123047,0.06591797,0.9672852,0.09521484,0.01904297,-0.390625
5815,9.6875,-18.1875,-6.3125,0.007324219,0.05419922,0.9711914,0.09423828,0.0234375,-0.3862305
5816,8.6875,-19.125,-6.875,0,0.05810547,0.9555664,0.09423828,0.0234375,-0.3862305
5818,9.75,-19.75,-6.875,0.01123047,0.06591797,0.9868164,0.09423828,0.0234375,-0.3862305
5819,9.6875,-19.875,-7.375,0.01513672,0.06201172,0.9555664,0.0859375,0.015625,-0.3891602
5821,11.3125,-20.8125,-7.875,0.03466797,0.07763672,0.9907227,0.0859375,0.015625,-0.3891602
5822,10.8125,-20.5,-8.4375,0.01904297,0.07373047,0.9868164,0.0859375,0.015625,-0.3891602
5824,10.5625,-21.375,-9.1875,0.06201172,0.05810547,0.9985352,0.0859375,0.015625,-0.3891602
5825,11.9375,-20.6875,-9.3125,0.03076172,0.06591797,0.9750977,0.09082031,0.02490234,-0.3876953
5827,11.1875,-22.25,-9.25,0.02685547,0.08154297,0.9985352,0.09082031,0.02490234,-0.3876953
5828,12.25,-21.25,-10.1875,0.04248047,0.06201172,0.9477539,0.09082031,0.02490234,-0.3876953
5830,12.5625,-20.6875,-10.625,0.01904297,0.06982422,0.9829102,0.09423828,0.01757813,-0.3876953
5831,12,-21.125,-9.625,0.03857422,0.05419922,0.9711914,0.09423828,0.01757813,-0.3876953
5833,13.5,-21.375,-10.4375,0.03857422,0.05810547,0.9711914,0.09423828,0.01757813,-0.3876953
5834,13.3125,-22.3125,-10.5625,0.05419922,0.05419922,0.9516602,0.08984375,0.02001953,-0.3876953
5836,13.3125,-23.0625,-10,0.04638672,0.03857422,0.9282227,0.08984375,0.02001953,-0.3876953
5837,14.6875,-23.6875,-10,0.03857422,0.06201172,0.9477539,0.08984375,0.02001953,-0.3876953
5839,15.25,-25.5,-10.4375,0.04638672,0.06591797,0.9555664,0.08984375,0.02001953,-0.3876953
5840,14.875,-27.875,-9.8125,0.04638672,0.05419922,0.9555664,0.08496094,0.015625,-0.3837891
5842,15.25,-30.75,-9,0.08154297,0.08154297,0.9594727,0.08496094,0.015625,-0.3837891
5843,17.6875,-32.875,-8.25,0.1245117,0.06201172,0.9165039,0.08496094,0.015625,-0.3837891
5845,18.125,-38.375,-9.0625,0.007324219,0.128418,0.9829102,0.08837891,0.01660156,-0.3837891
5846,21.5,-44.5625,-8.6875,-0.03076172,0.1206055,0.9516602,0.08837891,0.01660156,-0.3837891
5848,25,-50.8125,-8,0.06201172,0.1323242,0.9555664,0.08837891,0.01660156,-0.3837891
5849,35.5,-49.1875,-3.25,0.222168,0.1948242,0.9477539,0.08740234,0.01220703,-0.3837891
5851,33.75,-51.8125,-5.5,0.2416992,0.1323242,1.021484,0.08740234,0.01220703,-0.3837891
5852,39.375,-50.8125,-1.5,0.2026367,0.02294922,1.001953,0.08740234,0.01220703,-0.3837891
5854,38.3125,-43.625,-3.625,0.1987305,0.08935547,1.029297,0.08740234,0.01220703,-0.3837891
5855,34.1875,-31.3125,-4.9375,0.1948242,0.07763672,1.197266,0.08007813,0.01074219,-0.3823242
5857,43.1875,-14.1875,-10.4375,0.2807617,0.1791992,1.310547,0.08007813,0.01074219,-0.3823242
5858,51.125,0,-10.5,0.331543,0.159668,1.099609,0.08007813,0.01074219,-0.3823242
5860,48.125,28.3125,-8.25,0.4404297,0.08935547,1.119141,0.078125,0.006347656,-0.3837891
5861,48.8125,67.375,-7.1875,0.3740234,0.04638672,1.044922,0.078125,0.006347656,-0.3837891
5863,39.0625,102.875,-1.6875,0.7211914,0.2338867,1.072266,0.078125,0.006347656,-0.3837891
5864,15.125,154.5,-10.5,0.9672852,0.2807617,1.119141,0.08154297,0.009765625,-0.3764648
5866,-10.4375,224.1875,-12.375,1.704102,0.3237305,1.173828,0.08154297,0.009765625,-0.3764648
5867,-39.5625,337.75,-8.5,2.410156,0.01123047,1.310547,0.08154297,0.009765625,-0.3764648
5869,-33.75,433.0625,0.4375,2.250488,0.003417969,1.438965,0.08154297,0.009765625,-0.3764648
5870,-39.0625,469.6875,-16.875,0.5224609,-0.2299805,1.626465,0.08154297,0.009765625,-0.3764648
5872,-34.3125,507.3125,-21.0625,0.5068359,0.01904297,1.74707,0.08154297,0.009765625,-0.3764648
5873,-30.8125,530,-12.25,0.05029297,0.315918,1.349121,0.08154297,0.009765625,-0.3764648
5875,-162.1875,425.9375,11.875,-0.9750977,0.6279297,1.263672,0.1313477,0.01074219,-0.3515625
5876,-132.0625,531.1875,30.5625,0.315918,0.07763672,2.398438,0.1313477,0.01074219,-0.3515625
5878,-75.8125,596,8.0625,0.9282227,0.4560547,2.546875,0.1313477,0.01074219,-0.3515625
5879,-10.625,681.375,-19.5,3.38916,0.8735352,1.704102,0.1757813,0.01904297,-0.3305664
5881,-22.125,740.5,-51.1875,3.416504,0.4169922,2.79248,0.1757813,0.01904297,-0.3305664
5884,-2.3125,861.4375,-85.5,2.585938,0.1049805,3.400879,0.1757813,0.01904297,-0.3305664
5886,39.3125,926.125,-105.0625,1.560059,-0.2963867,1.415527,0.1757813,0.01904297,-0.3305664
5887,80.5625,958.5,-131.6875,0.6240234,-0.4833984,1.575684,0.1757813,0.01904297,-0.3305664
5889,110.8125,1019.688,-141.375,0.6083984,-0.4287109,1.322266,0.1757813,0.01904297,-0.3305664
5890,146.4375,1064.75,-142.6875,1.052734,-0.2338867,0.9555664,0.1757813,0.01904297,-0.3305664
5892,160.6875,1118.688,-139.3125,1.041016,-0.253418,1.657715,0.2758789,0.01757813,-0.2231445
5893,181.5,1213.063,-158.3125,0.3198242,0.05419922,0.7993164,0.2758789,0.01757813,-0.2231445
5895,191.375,1269.5,-130.625,-0.3466797,0.003417969,1.93457,0.2758789,0.01757813,-0.2231445
5896,74.8125,1409.563,-159.6875,-0.9594727,0.05029297,1.232422,0.3203125,0.02587891,-0.121582
5898,-131.8125,1090.438,20.375,-3.619629,0.05419922,1.306641,0.3203125,0.02587891,-0.121582
5899,-49.5,694.5625,-16.4375,-3.596191,1.060547,5.741211,0.3203125,0.02587891,-0.121582
5901,106.75,388.9375,-101.875,-4.07959,1.657715,2.983887,0.3237305,0.03173828,-0.05175781
5902,22,112.5625,-86.6875,-2.254395,0.5693359,2.858887,0.3237305,0.03173828,-0.05175781
5904,5.75,26.4375,-78.1875,0.5537109,0.3276367,4.571289,0.3237305,0.03173828,-0.05175781
5905,24.125,12.8125,-88.5,0.6318359,0.8813477,3.771484,0.3237305,0.03173828,-0.05175781
5907,-15.6875,-20.8125,-75.9375,0.4599609,1.029297,3.272461,0.3237305,0.03417969,-0.04736328
5908,-26.6875,-60.75,-64.5,0.7875977,0.8774414,2.574219,0.3237305,0.03417969,-0.04736328
5910,-32,-76,-46.5,0.8813477,0.9047852,2.059082,0.3237305,0.03417969,-0.04736328
5911,-56.25,-71.0625,-24.875,0.9008789,0.8657227,1.938477,0.3188477,0.03759766,-0.05029297
5913,-71.125,-77.25,-15.875,0.6005859,0.6044922,1.708008,0.3188477,0.03759766,-0.05029297
5914,-82.6875,-94.3125,-13.4375,0.5341797,0.5146484,1.399902,0.3188477,0.03759766,-0.05029297
5916,-96,-108,-14.3125,0.5458984,0.4482422,1.298828,0.3203125,0.03417969,-0.06298828
5917,-109,-118.6875,-16.6875,0.5537109,0.3544922,1.080078,0.3203125,0.03417969,-0.06298828
5919,-121.5,-126.0625,-18.75,0.5458984,0.3198242,0.9633789,0.3203125,0.03417969,-0.06298828
5920,-131.4375,-133.0625,-19.625,0.5732422,0.2573242,0.8110352,0.3203125,0.03417969,-0.06298828
5922,-137,-137,-20.1875,0.5732422,0.2026367,0.7993164,0.3178711,0.03662109,-0.09228516
5923,-137.5,-140.4375,-22,0.5810547,0.1831055,0.7954102,0.3178711,0.03662109,-0.09228516
5925,-135.0625,-143.5625,-24.375,0.5419922,0.128418,0.8305664,0.3178711,0.03662109,-0.09228516
5926,-128.6875,-148.5,-27.4375,0.4873047,0.08154297,0.8344727,0.3120117,0.03857422,-0.09619141
5928,-122.0625,-155,-31.8125,0.4638672,0.06201172,0.8188477,0.3120117,0.03857422,-0.09619141
5929,-113.1875,-160.8125,-36.6875,0.4677734,0.03076172,0.7993164,0.3120117,0.03857422,-0.09619141
5931,-104.75,-166.25,-41.5625,0.4287109,0.03466797,0.7719727,0.3134766,0.03759766,-0.1240234
5932,-94.875,-171.25,-46.25,0.4365234,0.05029297,0.7563477,0.3134766,0.03759766,-0.1240234
5934,-84,-175.25,-51.1875,0.4052734,0.05810547,0.7329102,0.3134766,0.03759766,-0.1240234
5935,-72.0625,-179.6875,-55.0625,0.3857422,0.05810547,0.7055664,0.3134766,0.03759766,-0.1240234
5937,-59.5625,-183.3125,-58.9375,0.3701172,0.08544922,0.6743164,0.3134766,0.03759766,-0.1240234
5938,-48.0625,-188.5,-61.25,0.3237305,0.112793,0.6357422,0.3134766,0.03759766,-0.1240234
5940,-36.6875,-193.1875,-63.6875,0.2885742,0.1362305,0.5771484,0.3134766,0.03759766,-0.1240234
5941,-25.875,-197.125,-65.75,0.2495117,0.1401367,0.5498047,0.2983398,0.05126953,-0.1606445
5943,-14.625,-201,-67.1875,0.2299805,0.1870117,0.5029297,0.2983398,0.05126953,-0.1606445
5944,-5.25,-202.9375,-68.0625,0.2260742,0.2104492,0.5146484,0.2983398,0.05126953,-0.1606445
5946,5.0625,-203.6875,-68.4375,0.1948242,0.2456055,0.5146484,0.2885742,0.05029297,-0.1816406
5947,13.3125,-205.375,-67.625,0.175293,0.2963867,0.5224609,0.2885742,0.05029297,-0.1816406
5949,21.0625,-204.375,-65.9375,0.175293,0.3583984,0.5615234,0.2885742,0.05029297,-0.1816406
5950,28.625,-204.6875,-63.25,0.1323242,0.4052734,0.5693359,0.2900391,0.05615234,-0.2021484
5952,34.125,-206.5625,-58,0.08154297,0.4833984,0.6704102,0.2900391,0.05615234,-0.2021484
5953,38.0625,-209.375,-52.3125,0.06982422,0.5576172,0.7329102,0.2900391,0.05615234,-0.2021484
5955,40.625,-212.125,-45.75,0.03857422,0.5771484,0.7485352,0.2900391,0.05615234,-0.2021484
5956,41.9375,-215.75,-38.625,0.01123047,0.6162109,0.8305664,0.2734375,0.05273438,-0.2163086
5958,43.3125,-220.8125,-30.8125,0.003417969,0.5966797,0.9008789,0.2734375,0.05273438,-0.2163086
5959,44.25,-226.1875,-22.375,0,0.5849609,0.9360352,0.2734375,0.05273438,-0.2163086
5961,44.9375,-231.6875,-15.0625,-0.03466797,0.6201172,0.9946289,0.2631836,0.05273438,-0.2290039
5962,44.4375,-237.9375,-7.4375,-0.02294922,0.6005859,1.037109,0.2631836,0.05273438,-0.2290039
5964,43.75,-244.0625,-0.125,-0.04248047,0.5927734,1.060547,0.2631836,0.05273438,-0.2290039
5965,43.375,-250.625,8.125,-0.06201172,0.5537109,1.107422,0.2504883,0.05712891,-0.2441406
5967,42.375,-257.1875,14.25,-0.07763672,0.5419922,1.134766,0.2504883,0.05712891,-0.2441406
5968,42.75,-264.6875,21.375,-0.1245117,0.4912109,1.142578,0.2504883,0.05712891,-0.2441406
5970,42.6875,-271.5625,27.125,-0.1518555,0.4482422,1.142578,0.2504883,0.05712891,-0.2441406
5971,44.4375,-278.5625,32,-0.1401367,0.4052734,1.107422,0.2353516,0.05615234,-0.2524414
5973,45.6875,-284,35.6875,-0.1557617,0.315918,1.111328,0.2353516,0.05615234,-0.2524414
5974,48.625,-288.5,38.875,-0.1791992,0.2612305,1.076172,0.2353516,0.05615234,-0.2524414
5976,50.1875,-291.5,40.9375,-0.159668,0.2612305,1.076172,0.2167969,0.05957031,-0.2695313
5977,52.4375,-294.0625,42.625,-0.1987305,0.1831055,1.076172,0.2167969,0.05957031,-0.2695313
5979,54.625,-295.1875,44.3125,-0.222168,0.1479492,1.083984,0.2167969,0.05957031,-0.2695313
5981,57.125,-296.625,45.0625,-0.237793,0.1088867,1.072266,0.1992188,0.06298828,-0.2973633
5983,59.3125,-297.9375,44.5,-0.2651367,0.04248047,1.080078,0.1992188,0.06298828,-0.2973633
5984,60.625,-298.5,43.875,-0.2924805,-0.01904297,1.083984,0.1992188,0.06298828,-0.2973633
5986,64.0625,-298.25,42,-0.315918,-0.06201172,1.091797,0.1992188,0.06298828,-0.2973633
5987,64.875,-296.9375,39.5,-0.3466797,-0.1049805,1.076172,0.190918,0.07373047,-0.3027344
5989,66.8125,-294.6875,36.3125,-0.3818359,-0.2026367,1.099609,0.190918,0.07373047,-0.3027344
5990,68.4375,-291.6875,32.1875,-0.4169922,-0.2495117,1.119141,0.190918,0.07373047,-0.3027344
5992,70.3125,-288.875,27.25,-0.4013672,-0.3120117,1.142578,0.1616211,0.08056641,-0.3266602
5993,73.125,-284.1875,21.4375,-0.4404297,-0.3701172,1.197266,0.1616211,0.08056641,-0.3266602
5995,75.4375,-281.3125,14.6875,-0.4521484,-0.3896484,1.216797,0.1616211,0.08056641,-0.3266602
5996,80.625,-278,7.875,-0.4912109,-0.4326172,1.267578,0.1420898,0.08642578,-0.340332
5998,84.8125,-275.0625,1.6875,-0.5419922,-0.3818359,1.333496,0.1420898,0.08642578,-0.340332
5999,89.0625,-272.75,-3.1875,-0.5615234,-0.3505859,1.345215,0.1420898,0.08642578,-0.340332
6001,94.875,-270.0625,-6.3125,-0.5966797,-0.2963867,1.411621,0.1420898,0.08642578,-0.340332
6002,99.75,-268.875,-8.875,-0.6435547,-0.2143555,1.446777,0.1420898,0.08642578,-0.340332
6004,102.75,-268.875,-8.9375,-0.6474609,-0.175293,1.435059,0.1420898,0.08642578,-0.340332
6005,105.1875,-266.875,-7.625,-0.6513672,-0.08935547,1.446777,0.1420898,0.08642578,-0.340332
6007,105.5,-267.3125,-6.25,-0.6552734,0,1.462402,0.08251953,0.08398438,-0.3754883
6008,104.25,-265.375,-4,-0.6123047,0.01513672,1.446777,0.08251953,0.08398438,-0.3754883
6010,101.8125,-262.375,-2,-0.5615234,0.06591797,1.481934,0.08251953,0.08398438,-0.3754883
6011,99.25,-258.1875,0.4375,-0.5458984,0.09326172,1.54834,0.04638672,0.07470703,-0.3754883
6013,98.875,-252.5,1.3125,-0.4951172,0.08935547,1.626465,0.04638672,0.07470703,-0.3754883
6014,99.9375,-246.125,2.5625,-0.4833984,0.1245117,1.805664,0.04638672,0.07470703,-0.3754883
6016,104.625,-239.5625,4.25,-0.4755859,0.128418,2.043457,0.04638672,0.07470703,-0.3754883
6017,109.25,-235.4375,6.625,-0.5419922,0.1323242,2.172363,0.04638672,0.07470703,-0.3754883
6019,114.9375,-233.75,9.375,-0.6743164,0.1518555,2.402344,0.04638672,0.07470703,-0.3754883
6020,120.8125,-238.875,13.0625,-0.7368164,0.1987305,2.5625,0.04638672,0.07470703,-0.3754883
6022,125.3125,-247.8125,18,-0.8696289,0.237793,2.621094,-0.004394531,0.04931641,-0.355957
6023,126.6875,-259.75,23.1875,-0.9555664,0.2924805,2.671387,-0.004394531,0.04931641,-0.355957
6025,126.5625,-273.1875,28.5625,-0.9829102,0.3237305,2.69873,-0.004394531,0.04931641,-0.355957
6026,123.25,-284.9375,35,-1.087891,0.3544922,2.694824,-0.02539063,0.02490234,-0.3417969
6028,118.25,-293.0625,41.8125,-1.162109,0.3974609,2.609375,-0.02539063,0.02490234,-0.3417969
6029,110.125,-300.625,49.6875,-1.212891,0.4052734,2.539063,-0.02539063,0.02490234,-0.3417969
6031,101.6875,-305.3125,55.8125,-1.306641,0.4052734,2.449219,-0.04736328,0.01416016,-0.3291016
6032,89.625,-308.625,61.625,-1.372559,0.3857422,2.309082,-0.04736328,0.01416016,-0.3291016
6034,78.9375,-310.0625,67.1875,-1.419434,0.3623047,2.211426,-0.04736328,0.01416016,-0.3291016
6035,66.875,-308.125,71.125,-1.509277,0.3237305,2.055176,-0.04736328,0.01416016,-0.3291016
6037,55.625,-304.0625,74.9375,-1.626465,0.2729492,1.891602,-0.0625,0.002929688,-0.3081055
6038,47.9375,-298.375,77.5625,-1.649902,0.2495117,1.825195,-0.0625,0.002929688,-0.3081055
6040,42.4375,-291,78.3125,-1.711914,0.1791992,1.708008,-0.0625,0.002929688,-0.3081055
6041,40.375,-282.6875,79.5,-1.797852,0.09716797,1.563965,-0.08691406,0.0004882813,-0.2973633
6043,38.75,-273.75,79.75,-1.833008,0.06201172,1.501465,-0.08691406,0.0004882813,-0.2973633
6044,39.4375,-264.3125,80.375,-1.954102,0.003417969,1.314453,-0.08691406,0.0004882813,-0.2973633
6046,39.9375,-255.4375,79.625,-2.043457,-0.07763672,1.009766,-0.09521484,-0.008300781,-0.2817383
6047,42.5,-243,77.1875,-2.105957,-0.1362305,0.8305664,-0.09521484,-0.008300781,-0.2817383
6049,46,-226.125,72.875,-2.199707,-0.1948242,0.5732422,-0.09521484,-0.008300781,-0.2817383
6050,51.5,-205.0625,67.375,-2.277832,-0.2338867,0.3779297,-0.09521484,-0.008300781,-0.2817383
6052,57.8125,-179.4375,63,-2.328613,-0.2416992,0.3349609,-0.112793,-0.01757813,-0.2597656
6053,63.5625,-153.8125,58.875,-2.441406,-0.2612305,0.2963867,-0.112793,-0.01757813,-0.2597656
6055,68.5625,-132.25,55.875,-2.535156,-0.3276367,0.3120117,-0.112793,-0.01757813,-0.2597656
6056,74.0625,-111.5625,51.5625,-2.687012,-0.3505859,0.3740234,-0.1220703,-0.01660156,-0.2402344
6058,76.125,-95.625,46.8125,-2.847168,-0.4912109,0.4052734,-0.1220703,-0.01660156,-0.2402344
6059,77.1875,-81,41.1875,-2.91748,-0.6279297,0.3896484,-0.1220703,-0.01660156,-0.2402344
6061,77.1875,-70.125,32.625,-3.022461,-0.6899414,0.4052734,-0.1240234,-0.0234375,-0.2329102
6062,78.25,-56.75,23.3125,-3.053711,-0.8696289,0.3779297,-0.1240234,-0.0234375,-0.2329102
6064,79.25,-43.0625,13.0625,-3.061523,-1.001953,0.2963867,-0.1240234,-0.0234375,-0.2329102
6065,78.5625,-28.0625,1.9375,-3.03418,-1.044922,0.253418,-0.1240234,-0.0234375,-0.2329102
6067,79.125,-9.3125,-6.75,-3.014648,-1.087891,0,-0.1240234,-0.0234375,-0.2329102
6068,79,22.25,-11.8125,-2.933105,-0.9399414,-0.5068359,-0.1240234,-0.0234375,-0.2329102
6070,57.75,75.1875,-11.5,-2.535156,-0.8579102,-0.6044922,-0.1240234,-0.0234375,-0.2329102
6071,33.75,134.5,-14.125,-2.414063,-0.8696289,-0.3466797,-0.1289063,-0.02685547,-0.2304688
6073,29.625,163.4375,-21.875,-2.648438,-0.8110352,0.04638672,-0.1289063,-0.02685547,-0.2304688
6074,12.5625,175.375,-22.5625,-2.683105,-0.6357422,0.05419922,-0.1289063,-0.02685547,-0.2304688
6076,-9.5625,192.9375,-23.875,-2.367188,-0.5146484,0.1518555,-0.1289063,-0.02587891,-0.2246094
6078,-21.25,209.5,-26.9375,-2.20752,-0.5146484,0.3662109,-0.1289063,-0.02587891,-0.2246094
6080,-31.5,233.8125,-33.125,-2.285645,-0.6083984,0.6630859,-0.1289063,-0.02587891,-0.2246094
6081,-30.75,263.625,-45,-2.367188,-0.4638672,0.4873047,-0.1181641,-0.01757813,-0.234375
6083,-44.875,240.9375,-41.6875,-1.364746,-0.1362305,-0.07373047,-0.1181641,-0.01757813,-0.234375
6084,-74.9375,166.375,-31,-0.1401367,0.06591797,1.083984,-0.1181641,-0.01757813,-0.234375
6086,-81.9375,149.8125,-34.75,-0.253418,0.5380859,1.563965,-0.1181641,-0.01757813,-0.234375
6087,-100.0625,160.1875,-39.9375,0.09326172,0.5029297,1.61084,-0.1113281,-0.01171875,-0.2509766
6089,-109.5,184.5625,-42,1.095703,0.8969727,1.302734,-0.1113281,-0.01171875,-0.2509766
6090,-97.375,224.875,-38.5625,1.446777,1.056641,1.384277,-0.1113281,-0.01171875,-0.2509766
6092,-99.375,292.8125,-32.375,1.36084,1.287109,1.169922,-0.09960938,-0.01318359,-0.2553711
6093,-94.1875,331.25,-32.1875,0.5302734,1.236328,1.719727,-0.09960938,-0.01318359,-0.2553711
6095,-77.6875,364.875,-38.75,-0.3857422,0.7602539,2.250488,-0.09960938,-0.01318359,-0.2553711
6096,-74.875,361.5625,-30.4375,-0.9438477,0.5498047,2.507813,-0.08935547,-0.01416016,-0.2666016
6098,-94.4375,302.25,-8.5,-1.981445,0.5849609,2.901855,-0.08935547,-0.01416016,-0.2666016
6099,-132.0625,205.625,22.125,-2.094238,0.6630859,3.385254,-0.08935547,-0.01416016,-0.2666016
6101,-158.5,106,43.375,-1.626465,0.5419922,3.669922,-0.08935547,-0.01416016,-0.2666016
6102,-157.375,23.5625,45.0625,-0.7563477,-0.1870117,3.892578,-0.08349609,-0.00390625,-0.2705078
6104,-145.875,-21.8125,39.125,-0.1323242,-0.9516602,3.041992,-0.08349609,-0.00390625,-0.2705078
6105,-126.9375,-42.125,30.6875,0.1206055,-1.251953,2.417969,-0.08349609,-0.00390625,-0.2705078
6107,-106.3125,-44.6875,22.875,0.3857422,-1.45459,0.9594727,-0.08447266,0.006347656,-0.2802734
6108,-85.3125,-27.8125,14.375,0.6860352,-1.251953,-0.07373047,-0.08447266,0.006347656,-0.2802734
6110,-72,13.25,10.5,0.7954102,-0.9946289,-0.315918,-0.08447266,0.006347656,-0.2802734
6111,-63.3125,66.3125,9.6875,0.7094727,-0.3466797,-0.3427734,-0.08447266,0.004882813,-0.2900391
6113,-57.9375,108,10.9375,0.5380859,0.3583984,-0.04638672,-0.08447266,0.004882813,-0.2900391
6114,-73.25,137.6875,18.375,0.1323242,0.6899414,0.2026367,-0.08447266,0.004882813,-0.2900391
6116,-99.5,147.6875,27.875,-0.2182617,1.115234,0.9243164,-0.08447266,0.004882813,-0.2900391
6117,-137.5,146.1875,35.5625,-0.3466797,1.087891,1.575684,-0.08105469,0.01416016,-0.2973633
6119,-154.5625,119.8125,39.0625,-0.6201172,0.8657227,2.031738,-0.08105469,0.01416016,-0.2973633
6120,-164.1875,77.8125,35.625,-0.4169922,0.4248047,2.335938,-0.08105469,0.01416016,-0.2973633
6122,-161.875,55.375,34.75,-0.2807617,-0.300293,2.780762,-0.07666016,0.0234375,-0.3095703
6123,-139,70.4375,21.5,0.128418,-0.8032227,2.839355,-0.07666016,0.0234375,-0.3095703
6125,-87.5625,24.25,19.4375,-0.1323242,-0.6396484,2.219238,-0.07666016,0.0234375,-0.3095703
6126,-76.5625,31.4375,26.3125,-0.1362305,-0.6630859,0.8696289,-0.08447266,0.02929688,-0.3154297
6128,-93.375,46.0625,35.0625,0.1831055,-0.3623047,0.5693359,-0.08447266,0.02929688,-0.3154297
6129,-92.5625,80.9375,34.3125,0.6005859,0.05810547,0.4560547,-0.08447266,0.02929688,-0.3154297
6131,-77.9375,103.8125,23.1875,0.5146484,0.300293,1.005859,-0.08447266,0.02929688,-0.3154297
6132,-61.875,103.3125,16.25,-0.04638672,0.2495117,1.372559,-0.08447266,0.02929688,-0.3154297
6134,-55.0625,78.25,10.25,-0.3466797,0.1518555,1.762695,-0.08447266,0.02929688,-0.3154297
6135,-27.75,44,1.6875,-0.4755859,-0.269043,1.99707,-0.08447266,0.02929688,-0.3154297
6137,-22.125,10.8125,5.1875,-0.3466797,-0.07763672,1.626465,-0.07421875,0.04199219,-0.3154297
6138,-31.4375,11.8125,7.875,0.01904297,-0.1362305,0.9868164,-0.07421875,0.04199219,-0.3154297
6140,-22,20.75,7.9375,0.09716797,-0.1674805,0.8266602,-0.07421875,0.04199219,-0.3154297
6141,-15.3125,27.4375,6,0.1401367,-0.06982422,0.9282227,-0.07177734,0.04589844,-0.3237305
6143,-10.5625,28,4.5625,-0.1166992,0.003417969,1.177734,-0.07177734,0.04589844,-0.3237305
6144,-7.5625,13.5625,3.6875,-0.1635742,0.09716797,1.177734,-0.07177734,0.04589844,-0.3237305
6146,-10.625,6.5,2.75,-0.07373047,0.1088867,1.150391,-0.07177734,0.04589844,-0.3237305
6147,-7.75,4.625,1.1875,0.01904297,-0.03466797,0.9907227,-0.07177734,0.04589844,-0.3237305
6149,-5.375,7.5,0.75,0.01123047,-0.08935547,0.9750977,-0.07177734,0.04589844,-0.3237305
6150,-2.5625,8.1875,1.125,0.01513672,-0.06591797,0.9790039,-0.07177734,0.04589844,-0.3237305
6152,-1.9375,9.1875,1.375,-0.01513672,0.01513672,0.9868164,-0.07519531,0.05029297,-0.3305664
6153,-1.3125,6.75,0.5,-0.01123047,0.03076172,1.017578,-0.07519531,0.05029297,-0.3305664
6155,-1.5,5.4375,-0.25,-0.007324219,0.003417969,0.9946289,-0.07519531,0.05029297,-0.3305664
6156,0.5,6.6875,-0.625,-0.007324219,0,0.9672852,-0.07421875,0.04785156,-0.3334961
6158,1.375,6.6875,-0.625,-0.01513672,0.003417969,0.9672852,-0.07421875,0.04785156,-0.3334961
6159,2.375,5.875,-0.6875,-0.01123047,-0.007324219,0.9868164,-0.07421875,0.04785156,-0.3334961
6161,2.25,5.8125,-0.8125,-0.01123047,-0.003417969,0.9829102,-0.06835938,0.03515625,-0.3291016
6162,2.4375,5.125,-1.125,-0.007324219,0.003417969,0.9868164,-0.06835938,0.03515625,-0.3291016
6164,3.125,5.125,-0.75,0,-0.01123047,0.9790039,-0.06835938,0.03515625,-0.3291016
6165,3.25,5.1875,-0.875,-0.007324219,0,0.9711914,-0.06835938,0.03515625,-0.3291016
6167,3.8125,5.1875,-1.5,-0.007324219,0,0.9985352,-0.07080078,0.04345703,-0.3320313
6168,4.25,5.1875,-1.4375,-0.007324219,0.007324219,0.9907227,-0.07080078,0.04345703,-0.3320313
6170,4.25,5.0625,-1.875,-0.01513672,-0.01513672,0.9672852,-0.07080078,0.04345703,-0.3320313
6171,4.6875,5.8125,-1.5625,0,-0.03076172,0.9672852,-0.07275391,0.046875,-0.3364258
6173,4.75,5.5,-1.8125,0,-0.01123047,0.9907227,-0.07275391,0.046875,-0.3364258
6175,5.625,6.125,-1.8125,-0.03076172,-0.007324219,0.9829102,-0.07275391,0.046875,-0.3364258
6177,6.3125,5.1875,-2.625,-0.01513672,-0.003417969,0.9868164,-0.07177734,0.04199219,-0.3364258
6178,6.4375,5.5625,-2.5625,-0.01123047,0,0.9829102,-0.07177734,0.04199219,-0.3364258
6180,7.125,5.0625,-2.1875,-0.03857422,-0.01123047,0.9946289,-0.07177734,0.04199219,-0.3364258
6181,6.9375,4.875,-1.9375,-0.03076172,0.003417969,1.013672,-0.07177734,0.04199219,-0.3364258
6183,7.0625,5.4375,-1.8125,-0.03857422,0.01123047,0.9711914,-0.07275391,0.03515625,-0.3320313
6184,7.0625,5.5625,-1.6875,-0.02685547,0.003417969,0.9946289,-0.07275391,0.03515625,-0.3320313
6186,6.6875,4.5,-1.6875,-0.03076172,-0.003417969,0.9829102,-0.07275391,0.03515625,-0.3320313
6187,5.875,3.875,-1.3125,-0.01904297,0.01123047,0.9946289,-0.08105469,0.03759766,-0.3349609
6189,5.3125,3.75,-1.125,-0.01123047,-0.01123047,0.9907227,-0.08105469,0.03759766,-0.3349609
6190,6,3.9375,-1.25,-0.01904297,0.01123047,0.9750977,-0.08105469,0.03759766,-0.3349609
6192,5.875,3.125,-0.9375,-0.03857422,0.01513672,0.9829102,-0.06591797,0.046875,-0.3334961
6193,5.625,2.4375,-1.1875,-0.01123047,0.01513672,0.9946289,-0.06591797,0.046875,-0.3334961
6195,5.75,2.4375,-1.5,-0.01123047,0.003417969,0.9829102,-0.06591797,0.046875,-0.3334961
6196,6.5,2.25,-1.1875,-0.03076172,0.03076172,0.9829102,-0.06591797,0.046875,-0.3334961
6198,6.375,2,-1.375,-0.02685547,0.02685547,0.9633789,-0.06591797,0.046875,-0.3334961
6199,7.3125,2.25,-2.0625,-0.01513672,0.03076172,0.9750977,-0.06591797,0.046875,-0.3334961
6201,7.3125,2.4375,-1.8125,-0.01123047,-0.007324219,0.9829102,-0.06591797,0.046875,-0.3334961
6202,7.6875,2.5,-1.875,0,0.01123047,0.9711914,-0.07275391,0.04443359,-0.3266602
6204,8.5625,2.0625,-2.5625,-0.007324219,0.03466797,0.9672852,-0.07275391,0.04443359,-0.3266602
6205,8.5625,2.875,-2.5625,-0.007324219,0.01513672,0.9829102,-0.07275391,0.04443359,-0.3266602
6207,9.5625,2.5625,-2.875,-0.01123047,-0.003417969,0.9516602,-0.07177734,0.03857422,-0.3305664
6208,9.5625,3.0625,-2.625,-0.01513672,0.003417969,0.9594727,-0.07177734,0.03857422,-0.3305664
6210,9.6875,3.4375,-2.875,-0.01513672,0.01904297,0.9555664,-0.07177734,0.03857422,-0.3305664
6211,8.4375,2.75,-2.9375,-0.01513672,0.01513672,0.9711914,-0.07666016,0.04345703,-0.3222656
6213,9.25,2.375,-2.4375,-0.01513672,0.007324219,0.9516602,-0.07666016,0.04345703,-0.3222656
6214,8.9375,2.4375,-2.75,-0.03076172,0.01513672,0.9868164,-0.07666016,0.04345703,-0.3222656
6216,8.375,1.375,-2.5625,-0.01513672,0.01513672,0.9633789,-0.07666016,0.04345703,-0.3222656
6217,7.875,0.75,-2.3125,-0.01123047,0.007324219,0.9829102,-0.06152344,0.04345703,-0.3305664
6219,8.25,0.375,-2.75,-0.02294922,0.02294922,0.9829102,-0.06152344,0.04345703,-0.3305664
6220,8,0.5625,-2.5625,-0.01123047,0.007324219,0.9672852,-0.06152344,0.04345703,-0.3305664
6222,7.4375,0.375,-2.4375,-0.03076172,0.02294922,0.9711914,-0.06347656,0.03857422,-0.3276367
6223,7,-0.1875,-2.625,-0.03076172,0.007324219,0.9750977,-0.06347656,0.03857422,-0.3276367
6225,6.4375,-0.625,-2.5625,-0.01513672,0.02685547,0.9672852,-0.06347656,0.03857422,-0.3276367
6226,6.1875,-1.125,-3.125,-0.03076172,0.01904297,0.9946289,-0.06933594,0.04785156,-0.3222656
6228,6.0625,-1.1875,-2.625,-0.02294922,0.01513672,0.9516602,-0.06933594,0.04785156,-0.3222656
6229,5.625,-1.5625,-2.375,-0.03076172,0.01513672,0.9829102,-0.06933594,0.04785156,-0.3222656
6231,5.625,-1.875,-2.375,-0.01123047,0.01513672,0.9907227,-0.06933594,0.04785156,-0.3222656
6232,5.625,-2,-2.6875,-0.01513672,0.007324219,0.9750977,-0.06152344,0.03271484,-0.3193359
6234,6,-1.75,-3.1875,-0.007324219,0.01513672,0.9477539,-0.06152344,0.03271484,-0.3193359
6235,6.6875,-2.6875,-2.75,-0.01513672,0.007324219,0.9711914,-0.06152344,0.03271484,-0.3193359
6237,5.6875,-2.5625,-3.125,-0.03076172,0.03857422,0.9555664,-0.06933594,0.03662109,-0.3251953
6238,6.125,-2.625,-3.375,-0.03076172,0.03076172,0.9829102,-0.06933594,0.03662109,-0.3251953
6240,6.3125,-4.375,-3.5,0,0.03466797,0.9750977,-0.06933594,0.03662109,-0.3251953
6241,6,-4,-3.8125,-0.01513672,0.01513672,0.9829102,-0.08007813,0.04345703,-0.3334961
6243,6.3125,-3.3125,-3.0625,-0.01123047,0.03466797,0.9672852,-0.08007813,0.04345703,-0.3334961
6244,6.25,-3.4375,-3.125,-0.01513672,0.05029297,0.9907227,-0.08007813,0.04345703,-0.3334961
6246,6.8125,-3.1875,-3.25,-0.02294922,0.03076172,0.9633789,-0.08007813,0.04345703,-0.3334961
6247,7,-4.375,-3.875,-0.01513672,0.01513672,0.9633789,-0.06933594,0.04003906,-0.3276367
6249,7,-4.375,-4.3125,-0.03466797,0.03466797,0.9555664,-0.06933594,0.04003906,-0.3276367
6250,6.5,-4.4375,-4.9375,-0.003417969,0.04248047,0.9633789,-0.06933594,0.04003906,-0.3276367
6252,7.125,-4.6875,-4.6875,-0.007324219,0.05029297,0.9555664,-0.06835938,0.04589844,-0.3276367
6253,7.1875,-4.3125,-4.5,-0.01904297,0.01123047,0.9594727,-0.06835938,0.04589844,-0.3276367
6255,6.375,-4.0625,-4.5625,-0.01513672,0.02294922,0.9594727,-0.06835938,0.04589844,-0.3276367
6256,6.3125,-4.375,-4.75,-0.05029297,0.01513672,0.9672852,-0.06152344,0.03759766,-0.3222656
6258,7.4375,-5.5,-4.8125,-0.01513672,0.01513672,0.9672852,-0.06152344,0.03759766,-0.3222656
6259,6.625,-4.9375,-4.5625,-0.01123047,0.03466797,0.9633789,-0.06152344,0.03759766,-0.3222656
6261,6.4375,-5.4375,-4.5,-0.01123047,0.01904297,0.9594727,-0.06152344,0.03759766,-0.3222656
6262,7.125,-5.75,-4.5625,-0.003417969,0.03466797,0.9555664,-0.06152344,0.03759766,-0.3222656
6264,7.625,-6,-4.375,-0.01123047,0.03466797,0.9516602,-0.06152344,0.03759766,-0.3222656
6265,6.75,-6.4375,-4.0625,-0.007324219,0.01123047,0.9829102,-0.06152344,0.03759766,-0.3222656
6267,7.4375,-5.875,-4.6875,0.007324219,0.02294922,0.9672852,-0.06933594,0.03417969,-0.3193359
6268,7.9375,-7.625,-4.5625,0.007324219,0.01513672,0.9360352,-0.06933594,0.03417969,-0.3193359
