"0.0","-0.1212158203125","0.08935546875","-1.0794677734375","0.124514818191528","0.029388904571533","0.241774797439575"
"0.0","-0.1212158203125","0.08935546875","-1.0794677734375","0.124514818191528","0.029388904571533","0.241774797439575"
"0.0","-0.1212158203125","0.08935546875","-1.0794677734375","-0.204464673995972","0.096680164337158","0.0099937915802"
"0.0","-0.1212158203125","0.08935546875","-1.0794677734375","-0.204464673995972","0.096680164337158","0.0099937915802"
"0.0","-0.1212158203125","0.08935546875","-1.0794677734375","-0.204464673995972","0.096680164337158","0.0099937915802"
"0.0","-0.1212158203125","0.08935546875","-1.0794677734375","-0.204464673995972","0.096680164337158","0.0099937915802"
"0.0","-0.1282958984375","0.0916748046875","-1.0521240234375","-0.391384840011597","0.044342517852783","-0.18440318107605"
"0.0","-0.1282958984375","0.0916748046875","-1.0521240234375","-0.391384840011597","0.044342517852783","-0.18440318107605"
"0.0","-0.1282958984375","0.0916748046875","-1.0521240234375","-0.391384840011597","0.044342517852783","-0.18440318107605"
"0.0","-0.1282958984375","0.0916748046875","-1.0521240234375","-0.391384840011597","0.044342517852783","-0.18440318107605"
"0.0","-0.1282958984375","0.0916748046875","-1.0521240234375","-0.047451734542847","0.014435291290283","0.002516984939575"
"0.0","-0.1282958984375","0.0916748046875","-1.0521240234375","-0.047451734542847","0.014435291290283","0.002516984939575"
"0.0","-0.1282958984375","0.0916748046875","-1.0521240234375","-0.047451734542847","0.014435291290283","0.002516984939575"
"0.0","-0.126708984375","0.0908203125","-1.0833740234375","0.184329271316528","-0.090240001678467","-0.057297468185425"
"0.0","-0.126708984375","0.0908203125","-1.0833740234375","0.184329271316528","-0.090240001678467","-0.057297468185425"
"0.0","-0.126708984375","0.0908203125","-1.0833740234375","0.184329271316528","-0.090240001678467","-0.057297468185425"
"0.0","-0.126708984375","0.0908203125","-1.0833740234375","0.184329271316528","-0.090240001678467","-0.057297468185425"
"0.0","-0.126708984375","0.0908203125","-1.0833740234375","-0.099789381027222","0.134064197540283","0.0099937915802"
"0.0","-0.126708984375","0.0908203125","-1.0833740234375","-0.099789381027222","0.134064197540283","0.0099937915802"
"0.0","-0.126708984375","0.0908203125","-1.0833740234375","-0.099789381027222","0.134064197540283","0.0099937915802"
"0.0","-0.1109619140625","0.0853271484375","-1.06201171875","-0.099789381027222","-0.254729747772217","0.017470598220825"
"0.0","-0.1109619140625","0.0853271484375","-1.06201171875","-0.010067701339722","-0.254729747772217","0.017470598220825"
"0.0","-0.1109619140625","0.0853271484375","-1.06201171875","-0.010067701339722","-0.254729747772217","0.017470598220825"
"0.0","-0.1109619140625","0.0853271484375","-1.06201171875","-0.010067701339722","-0.254729747772217","0.017470598220825"
"0.0","-0.1109619140625","0.0853271484375","-1.06201171875","0.004885911941528","0.036865711212158","-0.161972761154175"
"0.0","-0.1109619140625","0.0853271484375","-1.06201171875","0.004885911941528","0.036865711212158","-0.161972761154175"
"0.0","-0.1109619140625","0.0853271484375","-1.06201171875","0.004885911941528","0.036865711212158","-0.161972761154175"
"0.0","-0.128173828125","0.0833740234375","-1.1124267578125","0.004885911941528","0.036865711212158","-0.161972761154175"
"0.0","-0.128173828125","0.0833740234375","-1.1124267578125","-0.025021314620972","0.156494617462158","0.032424211502075"
"0.0","-0.128173828125","0.0833740234375","-1.1124267578125","-0.025021314620972","0.156494617462158","0.032424211502075"
"0.0","-0.128173828125","0.0833740234375","-1.1124267578125","-0.025021314620972","0.156494617462158","0.032424211502075"
"0.0","-0.128173828125","0.0833740234375","-1.1124267578125","-0.025021314620972","0.231262683868408","-0.012436628341675"
"0.0","-0.128173828125","0.0833740234375","-1.1124267578125","-0.204464673995972","0.231262683868408","-0.012436628341675"
"0.0","-0.1058349609375","0.0848388671875","-1.0692138671875","-0.234371900558472","-0.007995128631592","-0.057297468185425"
"0.0","-0.1058349609375","0.0848388671875","-1.0692138671875","-0.234371900558472","-0.007995128631592","-0.057297468185425"
"0.0","-0.1058349609375","0.0828857421875","-1.072509765625","-0.234371900558472","-0.007995128631592","-0.057297468185425"
"0.0","-0.1160888671875","0.0828857421875","-1.072509765625","-0.234371900558472","-0.007995128631592","0.032424211502075"
"0.0","-0.1160888671875","0.0828857421875","-1.072509765625","-0.219418287277222","-0.007995128631592","0.032424211502075"
"0.0","-0.1160888671875","0.0828857421875","-1.072509765625","-0.219418287277222","-0.007995128631592","0.032424211502075"
"0.0","-0.1160888671875","0.0828857421875","-1.072509765625","-0.219418287277222","-0.007995128631592","0.032424211502075"
"0.0","-0.1160888671875","0.0828857421875","-1.072509765625","0.004885911941528","0.051819324493408","-0.06477427482605"
"0.0","-0.1160888671875","0.0828857421875","-1.072509765625","0.004885911941528","0.051819324493408","-0.06477427482605"
"0.0","-0.1473388671875","0.0916748046875","-1.09716796875","0.004885911941528","0.051819324493408","-0.06477427482605"
"0.0","-0.1422119140625","0.0916748046875","-1.09716796875","0.004885911941528","0.051819324493408","-0.06477427482605"
"0.0","-0.1422119140625","0.0916748046875","-1.09716796875","0.004885911941528","-0.007995128631592","0.077285051345825"
"0.0","-0.1422119140625","0.0916748046875","-1.09716796875","0.004885911941528","-0.007995128631592","0.077285051345825"
"0.0","-0.1422119140625","0.0916748046875","-1.09716796875","0.004885911941528","-0.007995128631592","0.077285051345825"
"0.0","-0.1422119140625","0.0916748046875","-1.09716796875","0.102084398269653","0.059296131134033","-0.117111921310425"
"0.0","-0.1422119140625","0.0916748046875","-1.09716796875","0.102084398269653","0.059296131134033","-0.117111921310425"
"0.0","-0.115478515625","0.0863037109375","-1.0552978515625","0.102084398269653","0.059296131134033","-0.117111921310425"
"0.0","-0.115478515625","0.0863037109375","-1.0552978515625","0.102084398269653","0.059296131134033","-0.117111921310425"
"0.0","-0.115478515625","0.0863037109375","-1.0552978515625","0.079653978347778","0.089203357696533","-0.0199134349823"
"0.0","-0.115478515625","0.0863037109375","-1.0552978515625","0.079653978347778","0.089203357696533","-0.0199134349823"
"0.0","-0.115478515625","0.0863037109375","-1.0552978515625","0.079653978347778","0.089203357696533","-0.0199134349823"
"0.0","-0.115478515625","0.0863037109375","-1.0552978515625","0.079653978347778","0.089203357696533","-0.0199134349823"
"0.0","-0.115478515625","0.0863037109375","-1.0552978515625","-0.241848707199097","-0.232299327850342","0.14457631111145"
"0.0","-0.115478515625","0.0843505859375","-1.087890625","-0.241848707199097","-0.232299327850342","0.14457631111145"
"0.0","-0.12109375","0.0843505859375","-1.087890625","-0.241848707199097","-0.232299327850342","0.14457631111145"
"0.0","-0.12109375","0.0843505859375","-1.087890625","0.079653978347778","-0.209868907928467","0.092238664627075"
"0.0","-0.12109375","0.0843505859375","-1.087890625","0.079653978347778","-0.209868907928467","0.092238664627075"
"0.0","-0.12109375","0.0843505859375","-1.087890625","0.079653978347778","-0.209868907928467","0.092238664627075"
"0.0","-0.12109375","0.0843505859375","-1.087890625","0.079653978347778","-0.209868907928467","0.092238664627075"
"0.0","-0.12109375","0.0843505859375","-1.087890625","-0.107266187667847","-0.015471935272217","0.17448353767395"
"0.0","-0.12109375","0.0850830078125","-1.09228515625","-0.107266187667847","-0.015471935272217","0.17448353767395"
"0.0","-0.123779296875","0.0850830078125","-1.09228515625","-0.107266187667847","-0.015471935272217","0.17448353767395"
"0.0","-0.123779296875","0.0850830078125","-1.09228515625","-0.107266187667847","-0.015471935272217","0.17448353767395"
"0.0","-0.1114501953125","0.091552734375","-1.0302734375","0.274050951004028","0.178925037384033","0.167006731033325"
"0.0","-0.1114501953125","0.091552734375","-1.0302734375","0.274050951004028","0.208832263946533","-0.1395423412323"
"0.0","-0.1114501953125","0.091552734375","-1.0302734375","0.311434984207153","0.208832263946533","-0.1395423412323"
"0.0","-0.1114501953125","0.091552734375","-1.0302734375","0.311434984207153","0.208832263946533","-0.1395423412323"
"0.0","-0.1114501953125","0.091552734375","-1.0302734375","0.311434984207153","0.208832263946533","-0.1395423412323"
"0.0","-0.1114501953125","0.091552734375","-1.0302734375","-0.376431226730347","0.126587390899658","-0.356369733810425"
"0.0","-0.1138916015625","0.085205078125","-1.078369140625","-0.376431226730347","0.126587390899658","-0.356369733810425"
"0.0","-0.1138916015625","0.085205078125","-1.078369140625","-0.376431226730347","0.126587390899658","-0.356369733810425"
"0.0","-0.1138916015625","0.085205078125","-1.078369140625","-0.376431226730347","0.126587390899658","0.11466908454895"
"0.0","-0.1138916015625","0.085205078125","-1.078369140625","-0.092312574386597","-0.165008068084717","0.11466908454895"
"0.0","-0.1138916015625","0.085205078125","-1.078369140625","-0.092312574386597","-0.165008068084717","0.11466908454895"
"0.0","-0.1138916015625","0.085205078125","-1.078369140625","-0.092312574386597","-0.165008068084717","0.11466908454895"
"0.0","-0.1138916015625","0.085205078125","-1.078369140625","0.124514818191528","-0.351928234100342","0.2492516040802"
"0.0","-0.1270751953125","0.0921630859375","-1.0584716796875","0.124514818191528","-0.351928234100342","0.2492516040802"
"0.0","-0.1270751953125","0.0921630859375","-1.0584716796875","0.124514818191528","-0.351928234100342","0.2492516040802"
"0.0","-0.1270751953125","0.0921630859375","-1.0584716796875","0.124514818191528","-0.351928234100342","0.167006731033325"
"0.0","-0.1270751953125","0.0921630859375","-1.0584716796875","0.004885911941528","-0.157531261444092","0.167006731033325"
"0.0","-0.1270751953125","0.0921630859375","-1.0584716796875","0.004885911941528","-0.157531261444092","0.167006731033325"
"0.0","-0.1270751953125","0.0921630859375","-1.0584716796875","0.004885911941528","-0.157531261444092","0.167006731033325"
"0.0","-0.1270751953125","0.0921630859375","-1.0897216796875","-0.010067701339722","0.059296131134033","0.032424211502075"
"0.0","-0.1219482421875","0.0865478515625","-1.0748291015625","-0.010067701339722","0.059296131134033","0.032424211502075"
"0.0","-0.1219482421875","0.0865478515625","-1.0748291015625","-0.010067701339722","0.059296131134033","0.032424211502075"
"0.0","-0.1219482421875","0.0865478515625","-1.0748291015625","-0.010067701339722","0.059296131134033","0.032424211502075"
"0.0","-0.1219482421875","0.0865478515625","-1.0748291015625","-0.084835767745972","0.201355457305908","0.047377824783325"
"0.0","-0.1219482421875","0.0865478515625","-1.0748291015625","-0.084835767745972","0.201355457305908","0.047377824783325"
"0.0","-0.1219482421875","0.0865478515625","-1.0748291015625","-0.084835767745972","0.201355457305908","0.047377824783325"
"0.0","-0.1219482421875","0.08447265625","-1.11474609375","-0.054928541183472","-0.142577648162842","0.0399010181427"
"0.0","-0.1329345703125","0.08447265625","-1.11474609375","-0.054928541183472","-0.142577648162842","0.0399010181427"
"0.0","-0.1329345703125","0.08447265625","-1.11474609375","-0.054928541183472","-0.142577648162842","0.0399010181427"
"0.0","-0.1329345703125","0.08447265625","-1.11474609375","-0.054928541183472","-0.142577648162842","0.0399010181427"
"0.0","-0.1329345703125","0.08447265625","-1.11474609375","0.363772630691528","-0.292113780975342","0.211867570877075"
"0.0","-0.1329345703125","0.08447265625","-1.11474609375","0.363772630691528","-0.292113780975342","0.211867570877075"
"0.0","-0.1329345703125","0.08447265625","-1.11474609375","0.363772630691528","-0.292113780975342","0.211867570877075"
"0.0","-0.1329345703125","0.08447265625","-1.11474609375","0.363772630691528","-0.292113780975342","0.211867570877075"
"0.0","-0.1207275390625","0.088134765625","-1.0655517578125","0.191806077957153","-0.172484874725342","0.0997154712677"
"0.0","-0.1207275390625","0.088134765625","-1.0655517578125","0.191806077957153","-0.172484874725342","0.0997154712677"
"0.0","-0.1207275390625","0.088134765625","-1.0655517578125","0.191806077957153","-0.172484874725342","0.0997154712677"
"0.0","-0.1207275390625","0.088134765625","-1.0655517578125","0.176852464675903","0.096680164337158","0.047377824783325"
"0.0","-0.1207275390625","0.088134765625","-1.0655517578125","0.176852464675903","0.096680164337158","0.047377824783325"
"0.0","-0.1207275390625","0.088134765625","-1.0655517578125","0.176852464675903","0.096680164337158","0.047377824783325"
"0.0","-0.125","0.0914306640625","-1.0609130859375","0.176852464675903","-0.007995128631592","-0.087204694747925"
"0.0","-0.125","0.0914306640625","-1.0609130859375","0.236666917800903","-0.007995128631592","-0.087204694747925"
"0.0","-0.125","0.0914306640625","-1.0609130859375","0.236666917800903","-0.007995128631592","-0.087204694747925"
"0.0","-0.125","0.0914306640625","-1.0609130859375","0.236666917800903","-0.007995128631592","-0.087204694747925"
"0.0","-0.125","0.0914306640625","-1.0609130859375","-0.144650220870972","-0.269683361053467","-0.09468150138855"
"0.0","-0.125","0.0914306640625","-1.0609130859375","-0.144650220870972","-0.269683361053467","-0.09468150138855"
"0.0","-0.125","0.0914306640625","-1.0609130859375","-0.144650220870972","-0.269683361053467","-0.09468150138855"
"0.0","-0.124267578125","0.0882568359375","-1.0791015625","-0.196987867355347","-0.075286388397217","0.0399010181427"
"0.0","-0.124267578125","0.0882568359375","-1.0791015625","-0.196987867355347","-0.075286388397217","0.0399010181427"
"0.0","-0.124267578125","0.0882568359375","-1.0791015625","-0.196987867355347","-0.075286388397217","0.0399010181427"
"0.0","-0.124267578125","0.0882568359375","-1.0791015625","-0.196987867355347","-0.075286388397217","0.0399010181427"
"0.0","-0.124267578125","0.0882568359375","-1.0791015625","0.109561204910278","0.066772937774658","0.002516984939575"
"0.0","-0.124267578125","0.0882568359375","-1.0791015625","0.109561204910278","0.066772937774658","0.002516984939575"
"0.0","-0.124267578125","0.0882568359375","-1.0791015625","0.109561204910278","0.066772937774658","0.002516984939575"
"0.0","-0.118896484375","0.0863037109375","-1.07177734375","0.109561204910278","0.066772937774658","0.002516984939575"
"0.0","-0.118896484375","0.0863037109375","-1.07177734375","0.102084398269653","0.238739490509033","-0.087204694747925"
"0.0","-0.118896484375","0.0863037109375","-1.07177734375","0.102084398269653","0.238739490509033","-0.087204694747925"
"0.0","-0.118896484375","0.0863037109375","-1.07177734375","0.102084398269653","0.238739490509033","-0.087204694747925"
"0.0","-0.118896484375","0.0863037109375","-1.07177734375","0.102084398269653","0.141541004180908","-0.21431040763855"
"0.0","-0.118896484375","0.0863037109375","-1.07177734375","0.251620531082153","0.141541004180908","-0.21431040763855"
"0.0","-0.118896484375","0.0863037109375","-1.05908203125","0.251620531082153","0.141541004180908","-0.21431040763855"
"0.0","-0.1204833984375","0.0888671875","-1.05908203125","0.251620531082153","0.141541004180908","-0.21431040763855"
"0.0","-0.1204833984375","0.0888671875","-1.05908203125","0.087130784988403","0.246216297149658","-0.221787214279175"
"0.0","-0.1204833984375","0.0888671875","-1.05908203125","0.087130784988403","0.246216297149658","-0.221787214279175"
"0.0","-0.1204833984375","0.0888671875","-1.05908203125","0.087130784988403","0.246216297149658","-0.221787214279175"
"0.0","-0.1204833984375","0.0888671875","-1.05908203125","0.087130784988403","0.246216297149658","0.0399010181427"
"0.0","-0.1204833984375","0.0888671875","-1.05908203125","-0.174557447433472","0.223785877227783","0.0399010181427"
"0.0","-0.1204833984375","0.0888671875","-1.05908203125","-0.174557447433472","0.223785877227783","0.0399010181427"
"0.0","-0.1435546875","0.0911865234375","-1.1015625","0.371249437332153","-0.052855968475342","0.2791588306427"
"0.0","-0.1435546875","0.0911865234375","-1.1015625","0.109561204910278","0.126587390899658","-0.027390241622925"
"0.0","-0.1435546875","0.0911865234375","-1.0703125","0.109561204910278","0.126587390899658","-0.027390241622925"
"0.0","-0.1192626953125","0.0845947265625","-1.0859375","0.109561204910278","0.126587390899658","-0.027390241622925"
"0.0","-0.1192626953125","0.0845947265625","-1.0859375","0.109561204910278","0.126587390899658","-0.027390241622925"
"0.0","-0.1192626953125","0.0845947265625","-1.0859375","0.333865404129028","0.044342517852783","-0.15449595451355"
"0.0","-0.1192626953125","0.0845947265625","-1.0859375","0.333865404129028","0.044342517852783","-0.15449595451355"
"0.0","-0.1192626953125","0.0845947265625","-1.0859375","0.333865404129028","0.044342517852783","-0.15449595451355"
"0.0","-0.1192626953125","0.0845947265625","-1.0859375","0.333865404129028","-0.254729747772217","-0.1096351146698"
"0.0","-0.1192626953125","0.0845947265625","-1.0859375","-0.032498121261597","-0.254729747772217","-0.1096351146698"
"0.0","-0.129638671875","0.0830078125","-1.1341552734375","-0.032498121261597","-0.254729747772217","-0.1096351146698"
"0.0","-0.129638671875","0.0830078125","-1.1341552734375","-0.032498121261597","-0.254729747772217","-0.1096351146698"
"0.0","-0.129638671875","0.0830078125","-1.1341552734375","0.012362718582153","0.216309070587158","-0.09468150138855"
"0.0","-0.129638671875","0.0830078125","-1.1341552734375","0.012362718582153","0.216309070587158","-0.09468150138855"
"0.0","-0.129638671875","0.0830078125","-1.1341552734375","0.012362718582153","0.216309070587158","-0.09468150138855"
"0.0","-0.129638671875","0.0830078125","-1.1341552734375","0.012362718582153","-0.097716808319092","0.0698082447052"
"0.0","-0.129638671875","0.0830078125","-1.074951171875","-0.511013746261597","-0.097716808319092","0.0698082447052"
"0.0","-0.122314453125","0.0892333984375","-1.074951171875","-0.511013746261597","-0.097716808319092","0.0698082447052"
"0.0","-0.122314453125","0.0892333984375","-1.074951171875","-0.511013746261597","-0.097716808319092","0.0698082447052"
"0.0","-0.122314453125","0.0892333984375","-1.074951171875","0.049746751785278","0.066772937774658","-0.132065534591675"
"0.0","-0.122314453125","0.0892333984375","-1.074951171875","0.049746751785278","0.066772937774658","-0.132065534591675"
"0.0","-0.122314453125","0.0892333984375","-1.074951171875","0.049746751785278","0.066772937774658","-0.132065534591675"
"0.0","-0.122314453125","0.0892333984375","-1.074951171875","0.049746751785278","0.066772937774658","-0.132065534591675"
"0.0","-0.122314453125","0.0892333984375","-1.0765380859375","0.236666917800903","-0.060332775115967","-0.326462507247925"
"0.0","-0.1278076171875","0.09033203125","-1.0765380859375","0.236666917800903","-0.060332775115967","-0.326462507247925"
"0.0","-0.1278076171875","0.09033203125","-1.0765380859375","0.236666917800903","-0.060332775115967","-0.326462507247925"
"0.0","-0.1278076171875","0.09033203125","-1.0765380859375","-0.241848707199097","0.059296131134033","0.032424211502075"
"0.0","-0.1278076171875","0.09033203125","-1.0765380859375","-0.241848707199097","0.059296131134033","0.032424211502075"
"0.0","-0.1278076171875","0.09033203125","-1.0765380859375","-0.241848707199097","0.059296131134033","0.032424211502075"
"0.0","-0.1278076171875","0.09033203125","-1.0765380859375","-0.241848707199097","0.059296131134033","0.032424211502075"
"0.0","-0.1278076171875","0.089599609375","-1.0662841796875","0.087130784988403","0.104156970977783","0.08476185798645"
"0.0","-0.126220703125","0.089599609375","-1.0662841796875","0.087130784988403","0.104156970977783","0.08476185798645"
"0.0","-0.126220703125","0.089599609375","-1.0662841796875","0.087130784988403","0.104156970977783","0.08476185798645"
"0.0","-0.132080078125","0.0838623046875","-1.113037109375","0.139468431472778","0.149017810821533","-0.0498206615448"
"0.0","-0.132080078125","0.0838623046875","-1.113037109375","0.139468431472778","0.149017810821533","-0.0498206615448"
"0.0","-0.132080078125","0.0838623046875","-1.113037109375","-0.017544507980347","0.276123523712158","-0.15449595451355"
"0.0","-0.132080078125","0.0838623046875","-1.113037109375","-0.017544507980347","0.276123523712158","-0.15449595451355"
"0.0","-0.132080078125","0.0838623046875","-1.113037109375","-0.017544507980347","0.276123523712158","-0.15449595451355"
"0.0","-0.132080078125","0.0838623046875","-1.113037109375","-0.017544507980347","0.276123523712158","-0.15449595451355"
"0.0","-0.1407470703125","0.0943603515625","-1.0821533203125","0.131991624832153","0.253693103790283","0.0399010181427"
"0.0","-0.1407470703125","0.0943603515625","-1.0821533203125","0.131991624832153","0.253693103790283","0.0399010181427"
"0.0","-0.1407470703125","0.0943603515625","-1.0821533203125","0.131991624832153","0.253693103790283","0.0399010181427"
"0.0","-0.1407470703125","0.0943603515625","-1.0821533203125","0.131991624832153","-0.007995128631592","0.17448353767395"
"0.0","-0.1407470703125","0.0943603515625","-1.0821533203125","-0.092312574386597","-0.007995128631592","0.17448353767395"
"0.0","-0.1407470703125","0.0943603515625","-1.0821533203125","-0.092312574386597","-0.007995128631592","0.17448353767395"
"0.0","-0.1407470703125","0.0943603515625","-1.0821533203125","-0.092312574386597","-0.007995128631592","0.17448353767395"
"0.0","-0.11572265625","0.0938720703125","-1.0279541015625","-0.062405347824097","-0.060332775115967","-0.12458872795105"
"0.0","-0.11572265625","0.0938720703125","-1.0279541015625","-0.062405347824097","-0.060332775115967","-0.12458872795105"
"0.0","-0.11572265625","0.0938720703125","-1.0279541015625","-0.062405347824097","-0.060332775115967","-0.12458872795105"
"0.0","-0.11572265625","0.0938720703125","-1.0279541015625","-0.062405347824097","-0.060332775115967","-0.12458872795105"
"0.0","-0.11572265625","0.0938720703125","-1.0279541015625","0.266574144363403","-0.142577648162842","0.122145891189575"
"0.0","-0.11572265625","0.0938720703125","-1.0279541015625","0.266574144363403","-0.142577648162842","0.122145891189575"
"0.0","-0.11572265625","0.0938720703125","-1.0279541015625","0.266574144363403","-0.142577648162842","0.122145891189575"
"0.0","-0.1279296875","0.08984375","-1.08349609375","-0.077358961105347","-0.284636974334717","-0.1993567943573"
"0.0","-0.1279296875","0.08984375","-1.08349609375","-0.077358961105347","-0.284636974334717","-0.1993567943573"
"0.0","-0.1279296875","0.08984375","-1.08349609375","-0.077358961105347","-0.284636974334717","-0.1993567943573"
"0.0","-0.1279296875","0.08984375","-1.08349609375","-0.077358961105347","-0.284636974334717","-0.1993567943573"
"0.0","-0.1279296875","0.08984375","-1.08349609375","0.356295824050903","0.268646717071533","-0.1694495677948"
"0.0","-0.1279296875","0.08984375","-1.08349609375","0.356295824050903","0.268646717071533","-0.1694495677948"
"0.0","-0.1279296875","0.08984375","-1.08349609375","0.356295824050903","0.268646717071533","-0.1694495677948"
"0.0","-0.1195068359375","0.080078125","-1.1021728515625","0.356295824050903","0.268646717071533","0.047377824783325"
"0.0","-0.1195068359375","0.080078125","-1.1021728515625","0.408633470535278","0.268646717071533","0.047377824783325"
"0.0","-0.1195068359375","0.080078125","-1.1021728515625","0.408633470535278","0.268646717071533","0.047377824783325"
"0.0","-0.1195068359375","0.080078125","-1.1021728515625","0.408633470535278","0.268646717071533","0.047377824783325"
"0.0","-0.1195068359375","0.080078125","-1.1021728515625","0.087130784988403","0.186401844024658","0.02494740486145"
"0.0","-0.1195068359375","0.080078125","-1.1021728515625","0.087130784988403","0.186401844024658","0.02494740486145"
"0.0","-0.0928955078125","0.0802001953125","-1.0477294921875","0.214236497879028","-0.239776134490967","0.181960344314575"
"0.0","-0.0928955078125","0.0802001953125","-1.0477294921875","0.214236497879028","-0.239776134490967","0.181960344314575"
"0.0","-0.0928955078125","0.0802001953125","-1.0789794921875","0.214236497879028","-0.239776134490967","0.181960344314575"
"0.0","-0.1209716796875","0.08984375","-1.0634765625","0.214236497879028","-0.239776134490967","0.11466908454895"
"0.0","-0.1209716796875","0.08984375","-1.0634765625","-0.032498121261597","-0.075286388397217","0.11466908454895"
"0.0","-0.1209716796875","0.08984375","-1.0634765625","-0.032498121261597","-0.075286388397217","0.11466908454895"
"0.0","-0.1209716796875","0.08984375","-1.0634765625","-0.032498121261597","-0.075286388397217","0.11466908454895"
"0.0","-0.1209716796875","0.08984375","-1.0634765625","-0.428768873214722","0.126587390899658","-0.057297468185425"
"0.0","-0.1209716796875","0.08984375","-1.0634765625","-0.428768873214722","0.126587390899658","-0.057297468185425"
"0.0","-0.1209716796875","0.08984375","-1.0799560546875","-0.428768873214722","0.126587390899658","-0.057297468185425"
"0.0","-0.12451171875","0.0894775390625","-1.0799560546875","-0.428768873214722","0.126587390899658","-0.057297468185425"
"0.0","-0.12451171875","0.0894775390625","-1.0799560546875","-0.047451734542847","-0.224822521209717","0.107192277908325"
"0.0","-0.12451171875","0.0894775390625","-1.0799560546875","-0.047451734542847","-0.224822521209717","0.107192277908325"
"0.0","-0.12451171875","0.0894775390625","-1.0799560546875","-0.047451734542847","-0.224822521209717","0.107192277908325"
"0.0","-0.12451171875","0.0894775390625","-1.0799560546875","-0.047451734542847","0.036865711212158","0.11466908454895"
"0.0","-0.12451171875","0.0894775390625","-1.0799560546875","-0.054928541183472","0.036865711212158","0.11466908454895"
"0.0","-0.12451171875","0.0894775390625","-1.0577392578125","-0.054928541183472","0.036865711212158","0.11466908454895"
"0.0","-0.1201171875","0.09228515625","-1.0577392578125","-0.054928541183472","0.036865711212158","0.11466908454895"
"0.0","-0.1201171875","0.09228515625","-1.0577392578125","-0.017544507980347","-0.090240001678467","0.196913957595825"
"0.0","-0.1201171875","0.09228515625","-1.0577392578125","-0.017544507980347","-0.090240001678467","0.196913957595825"
"0.0","-0.1201171875","0.09228515625","-1.0577392578125","-0.017544507980347","-0.090240001678467","0.196913957595825"
"0.0","-0.1201171875","0.09228515625","-1.0577392578125","-0.017544507980347","-0.090240001678467","0.196913957595825"
"0.0","-0.1201171875","0.09228515625","-1.0577392578125","-0.032498121261597","-0.224822521209717","0.11466908454895"
"0.0","-0.1201171875","0.09228515625","-1.0955810546875","-0.032498121261597","-0.224822521209717","0.11466908454895"
"0.0","-0.1317138671875","0.0882568359375","-1.0955810546875","-0.032498121261597","-0.224822521209717","0.11466908454895"
"0.0","-0.1317138671875","0.0882568359375","-1.0955810546875","0.199282884597778","0.029388904571533","0.0099937915802"
"0.0","-0.1317138671875","0.0882568359375","-1.0955810546875","0.199282884597778","0.029388904571533","0.0099937915802"
"0.0","-0.1317138671875","0.0882568359375","-1.0955810546875","0.199282884597778","0.029388904571533","0.0099937915802"
"0.0","-0.1317138671875","0.0882568359375","-1.0955810546875","0.199282884597778","0.029388904571533","0.0099937915802"
"0.0","-0.1317138671875","0.0882568359375","-1.0955810546875","0.139468431472778","-0.090240001678467","0.0997154712677"
"0.0","-0.1317138671875","0.0882568359375","-1.0819091796875","0.139468431472778","-0.090240001678467","0.0997154712677"
"0.0","-0.1181640625","0.0853271484375","-1.0819091796875","0.139468431472778","-0.090240001678467","0.0997154712677"
"0.0","-0.1181640625","0.0853271484375","-1.0819091796875","0.139468431472778","-0.090240001678467","0.0997154712677"
"0.0","-0.1181640625","0.0853271484375","-1.0819091796875","0.117038011550903","-0.007995128631592","-0.147019147872925"
"0.0","-0.1077880859375","0.078125","-1.08447265625","0.139468431472778","-0.060332775115967","0.092238664627075"
"0.0","-0.1077880859375","0.078125","-1.08447265625","0.139468431472778","-0.060332775115967","-0.06477427482605"
"0.0","-0.1077880859375","0.078125","-1.08447265625","0.169375658035278","0.089203357696533","-0.06477427482605"
"0.0","-0.119384765625","0.086181640625","-1.0765380859375","0.169375658035278","0.089203357696533","-0.06477427482605"
"0.0","-0.119384765625","0.086181640625","-1.0765380859375","0.169375658035278","0.089203357696533","-0.06477427482605"
"0.0","-0.119384765625","0.086181640625","-1.0765380859375","-0.092312574386597","0.403229236602783","-0.24421763420105"
"0.0","-0.119384765625","0.086181640625","-1.0765380859375","-0.092312574386597","0.403229236602783","-0.24421763420105"
"0.0","-0.119384765625","0.086181640625","-1.0765380859375","-0.092312574386597","0.403229236602783","-0.24421763420105"
"0.0","-0.119384765625","0.086181640625","-1.0765380859375","-0.092312574386597","0.403229236602783","-0.24421763420105"
"0.0","-0.119384765625","0.086181640625","-1.073974609375","-0.174557447433472","0.059296131134033","-0.042343854904175"
"0.0","-0.1190185546875","0.087646484375","-1.073974609375","-0.174557447433472","0.059296131134033","-0.042343854904175"
"0.0","-0.1190185546875","0.087646484375","-1.073974609375","-0.174557447433472","0.059296131134033","-0.042343854904175"
"0.0","-0.1190185546875","0.087646484375","-1.073974609375","0.386203050613403","0.163971424102783","0.17448353767395"
"0.0","-0.1190185546875","0.087646484375","-1.073974609375","0.386203050613403","0.163971424102783","0.17448353767395"
"0.0","-0.1190185546875","0.087646484375","-1.073974609375","0.386203050613403","0.163971424102783","0.17448353767395"
"0.0","-0.1190185546875","0.087646484375","-1.073974609375","0.386203050613403","0.163971424102783","0.17448353767395"
"0.0","-0.1190185546875","0.07861328125","-1.0767822265625","0.139468431472778","0.149017810821533","0.211867570877075"
"0.0","-0.10595703125","0.07861328125","-1.0767822265625","0.139468431472778","0.149017810821533","0.211867570877075"
"0.0","-0.10595703125","0.07861328125","-1.0767822265625","0.139468431472778","0.149017810821533","0.211867570877075"
"0.0","-0.10595703125","0.07861328125","-1.0767822265625","0.139468431472778","-0.135100841522217","0.1894371509552"
"0.0","-0.10595703125","0.07861328125","-1.0767822265625","0.131991624832153","-0.135100841522217","0.1894371509552"
"0.0","-0.10595703125","0.07861328125","-1.0767822265625","0.131991624832153","-0.135100841522217","0.1894371509552"
"0.0","-0.1143798828125","0.0855712890625","-1.064453125","-0.075878143310547","-0.106600165367126","-0.118888378143311"
"0.0","-0.1407470703125","0.08935546875","-1.0955810546875","-0.090831756591797","-0.106600165367126","-0.118888378143311"
"0.0","-0.1407470703125","0.08935546875","-1.0955810546875","-0.090831756591797","-0.106600165367126","-0.118888378143311"
"0.0","-0.1407470703125","0.08935546875","-1.0955810546875","-0.232891082763672","-0.158937811851501","0.097939014434814"
"0.0","-0.1407470703125","0.08935546875","-1.0955810546875","-0.232891082763672","-0.158937811851501","0.097939014434814"
"0.0","-0.1407470703125","0.08935546875","-1.0955810546875","-0.232891082763672","-0.158937811851501","0.097939014434814"
"0.0","-0.1407470703125","0.08935546875","-1.0955810546875","-0.232891082763672","-0.158937811851501","0.097939014434814"
"0.0","-0.1407470703125","0.085205078125","-1.0985107421875","0.043750762939453","0.035459160804749","-0.171226024627686"
"0.0","-0.1328125","0.085205078125","-1.0985107421875","0.043750762939453","0.035459160804749","-0.171226024627686"
"0.0","-0.1328125","0.085205078125","-1.0985107421875","0.043750762939453","0.035459160804749","-0.171226024627686"
"0.0","-0.1328125","0.085205078125","-1.0985107421875","0.043750762939453","0.035459160804749","-0.171226024627686"
"0.0","-0.1328125","0.085205078125","-1.0985107421875","-0.060924530029297","-0.091646552085876","-0.066550731658936"
"0.0","-0.1328125","0.085205078125","-1.0985107421875","-0.060924530029297","-0.091646552085876","-0.0"
"0.0","-0.123046875","0.0828857421875","-1.1021728515625","0.246882677078247","-0.247030735015869","0.390349149703979"
"0.0","-0.1396484375","0.090087890625","-1.08984375","0.246882677078247","-0.247030735015869","0.121184110641479"
"0.0","-0.1396484375","0.090087890625","-1.08984375","-0.156864881515503","-0.067587375640869","0.121184110641479"
"0.0","-0.1396484375","0.090087890625","-1.08984375","-0.156864881515503","-0.067587375640869","0.121184110641479"
"0.0","-0.1396484375","0.090087890625","-1.08984375","-0.156864881515503","-0.067587375640869","0.121184110641479"
"0.0","-0.1396484375","0.090087890625","-1.08984375","-0.388645887374878","0.149240016937256","0.166044950485229"
"0.0","-0.1396484375","0.090087890625","-1.08984375","-0.388645887374878","0.149240016937256","0.166044950485229"
"0.0","-0.1396484375","0.090087890625","-1.08984375","-0.388645887374878","0.149240016937256","0.166044950485229"
"0.0","-0.1396484375","0.090087890625","-1.0421142578125","-0.388645887374878","0.149240016937256","0.166044950485229"
"0.0","-0.1048583984375","0.0849609375","-1.0421142578125","-0.067143201828003","0.179147243499756","-0.050782442092896"
"0.0","-0.1048583984375","0.0849609375","-1.0421142578125","-0.067143201828003","0.179147243499756","-0.050782442092896"
"0.0","-0.1048583984375","0.0849609375","-1.0421142578125","-0.067143201828003","0.179147243499756","-0.050782442092896"
"0.0","-0.1048583984375","0.0849609375","-1.0421142578125","-0.067143201828003","0.179147243499756","-0.050782442092896"
"0.0","-0.1048583984375","0.0849609375","-1.0421142578125","-0.156864881515503","-0.082540988922119","-0.073212862014771"
"0.0","-0.1048583984375","0.0849609375","-1.0421142578125","-0.156864881515503","-0.082540988922119","-0.073212862014771"
"0.0","-0.1048583984375","0.0816650390625","-1.0809326171875","-0.156864881515503","-0.082540988922119","-0.073212862014771"
"0.0","-0.10791015625","0.0816650390625","-1.0809326171875","-0.119480848312378","-0.075064182281494","0.031462430953979"
"0.0","-0.10791015625","0.0816650390625","-1.0809326171875","-0.119480848312378","-0.075064182281494","0.031462430953979"
"0.0","-0.10791015625","0.0816650390625","-1.0809326171875","-0.119480848312378","-0.075064182281494","0.031462430953979"
"0.0","-0.10791015625","0.0816650390625","-1.0809326171875","-0.119480848312378","-0.075064182281494","0.031462430953979"
"0.0","-0.10791015625","0.0816650390625","-1.0809326171875","0.015101671218872","-0.007772922515869","-0.043305635452271"
"0.0","-0.10791015625","0.0816650390625","-1.0809326171875","0.015101671218872","-0.007772922515869","-0.043305635452271"
"0.0","-0.10791015625","0.0830078125","-1.0791015625","0.015101671218872","-0.007772922515869","-0.043305635452271"
"0.0","-0.1151123046875","0.0830078125","-1.0791015625","0.015101671218872","0.268868923187256","0.001555204391479"
"0.0","-0.1151123046875","0.0830078125","-1.0791015625","0.344081163406372","0.268868923187256","0.001555204391479"
"0.0","-0.1151123046875","0.0830078125","-1.0791015625","0.344081163406372","0.268868923187256","0.001555204391479"
"0.0","-0.1151123046875","0.0830078125","-1.0791015625","0.344081163406372","0.268868923187256","0.001555204391479"
"0.0","-0.1151123046875","0.0830078125","-1.0791015625","0.000148057937622","-0.007772922515869","0.023985624313354"
"0.0","-0.1151123046875","0.0830078125","-1.0791015625","0.000148057937622","-0.007772922515869","0.023985624313354"
"0.0","-0.1463623046875","0.0867919921875","-1.0791015625","0.000148057937622","-0.007772922515869","0.023985624313354"
"0.0","-0.130615234375","0.0867919921875","-1.0791015625","0.000148057937622","-0.007772922515869","0.285673856735229"
"0.0","-0.130615234375","0.0867919921875","-1.0791015625","0.276789903640747","-0.015249729156494","0.285673856735229"
"0.0","-0.130615234375","0.0867919921875","-1.0791015625","0.276789903640747","-0.015249729156494","0.285673856735229"
"0.0","-0.130615234375","0.0867919921875","-1.0791015625","0.276789903640747","-0.015249729156494","0.285673856735229"
"0.0","-0.130615234375","0.0867919921875","-1.0791015625","0.276789903640747","-0.194693088531494","0.136137723922729"
"0.0","-0.115234375","0.0799560546875","-1.1053466796875","-0.156864881515503","-0.015249729156494","0.233336210250854"
"0.0","-0.115234375","0.0799560546875","-1.0740966796875","-0.156864881515503","-0.015249729156494","0.233336210250854"
"0.0","-0.1253662109375","0.082763671875","-1.080322265625","-0.156864881515503","-0.015249729156494","0.233336210250854"
"0.0","-0.1253662109375","0.082763671875","-1.080322265625","-0.156864881515503","-0.015249729156494","0.352965116500854"
"0.0","-0.1253662109375","0.082763671875","-1.080322265625","0.097346544265747","-0.187216281890869","0.352965116500854"
"0.0","-0.1253662109375","0.082763671875","-1.080322265625","0.097346544265747","-0.187216281890869","0.352965116500854"
"0.0","-0.1253662109375","0.082763671875","-1.080322265625","0.097346544265747","-0.187216281890869","0.352965116500854"
"0.0","-0.1253662109375","0.082763671875","-1.080322265625","0.007624864578247","-0.037680149078369","0.136137723922729"
"0.0","-0.1253662109375","0.082763671875","-1.049072265625","0.007624864578247","-0.037680149078369","0.136137723922729"
"0.0","-0.1173095703125","0.087646484375","-1.05078125","0.007624864578247","-0.037680149078369","0.136137723922729"
"0.0","-0.1173095703125","0.087646484375","-1.05078125","0.007624864578247","-0.037680149078369","0.136137723922729"
"0.0","-0.1173095703125","0.087646484375","-1.05078125","0.045008897781372","-0.269461154937744","0.143614530563354"
"0.0","-0.1173095703125","0.087646484375","-1.05078125","0.045008897781372","-0.269461154937744","0.143614530563354"
"0.0","-0.1173095703125","0.087646484375","-1.05078125","0.045008897781372","-0.269461154937744","0.143614530563354"
"0.0","-0.1173095703125","0.087646484375","-1.05078125","0.045008897781372","-0.269461154937744","0.225859403610229"
"0.0","-0.1173095703125","0.087646484375","-1.05078125","0.187068223953247","-0.097494602203369","0.225859403610229"
"0.0","-0.1226806640625","0.0906982421875","-1.047607421875","0.187068223953247","-0.097494602203369","0.225859403610229"
"0.0","-0.1226806640625","0.0906982421875","-1.047607421875","0.187068223953247","-0.097494602203369","0.225859403610229"
"0.0","-0.1226806640625","0.0906982421875","-1.047607421875","0.000148057937622","0.096902370452881","0.166044950485229"
"0.0","-0.1226806640625","0.0906982421875","-1.047607421875","0.000148057937622","0.096902370452881","0.166044950485229"
"0.0","-0.1226806640625","0.0906982421875","-1.047607421875","0.000148057937622","0.096902370452881","0.166044950485229"
"0.0","-0.1226806640625","0.0906982421875","-1.047607421875","0.000148057937622","0.096902370452881","0.166044950485229"
"0.0","-0.1226806640625","0.0906982421875","-1.047607421875","0.590815782546997","0.081948757171631","0.352965116500854"
"0.0","-0.1168212890625","0.0736083984375","-1.0791015625","0.590815782546997","0.081948757171631","0.352965116500854"
"0.0","-0.1168212890625","0.0736083984375","-1.0791015625","0.590815782546997","0.081948757171631","0.352965116500854"
"0.0","-0.1168212890625","0.0736083984375","-1.0791015625","-0.097050428390503","-0.217123508453369","0.083800077438354"
"0.0","-0.1168212890625","0.0736083984375","-1.0791015625","-0.097050428390503","-0.217123508453369","0.083800077438354"
"0.0","-0.1168212890625","0.0736083984375","-1.0791015625","-0.097050428390503","-0.217123508453369","0.083800077438354"
"0.0","-0.1168212890625","0.0736083984375","-1.0791015625","-0.097050428390503","-0.217123508453369","0.083800077438354"
"0.0","-0.1168212890625","0.0736083984375","-1.0958251953125","-0.149388074874878","-0.164785861968994","-0.020875215530396"
"0.0","-0.1180419921875","0.0799560546875","-1.0958251953125","-0.149388074874878","-0.164785861968994","-0.020875215530396"
"0.0","-0.1180419921875","0.0799560546875","-1.0958251953125","-0.149388074874878","-0.164785861968994","-0.020875215530396"
"0.0","-0.1180419921875","0.0799560546875","-1.0958251953125","-0.149388074874878","-0.164785861968994","0.195952177047729"
"0.0","-0.123779296875","0.086181640625","-1.0748291015625","0.067439317703247","0.201577663421631","-0.088166475296021"
"0.0","-0.123779296875","0.086181640625","-1.0748291015625","0.000148057937622","-0.007772922515869","0.233336210250854"
"0.0","-0.123779296875","0.086181640625","-1.0748291015625","0.000148057937622","-0.007772922515869","0.233336210250854"
"0.0","-0.123779296875","0.086181640625","-1.0748291015625","0.000148057937622","-0.007772922515869","0.233336210250854"
"0.0","-0.123779296875","0.086181640625","-1.0748291015625","0.000148057937622","-0.007772922515869","0.233336210250854"
"0.0","-0.1124267578125","0.080810546875","-1.0931396484375","0.366511583328247","0.007180690765381","0.068846464157104"
"0.0","-0.1124267578125","0.080810546875","-1.0931396484375","0.366511583328247","0.007180690765381","0.068846464157104"
"0.0","-0.1124267578125","0.080810546875","-1.0931396484375","0.366511583328247","0.007180690765381","0.068846464157104"
"0.0","-0.1124267578125","0.080810546875","-1.0931396484375","-0.014805555343628","-0.015249729156494","0.121184110641479"
"0.0","-0.1124267578125","0.080810546875","-1.0931396484375","-0.014805555343628","-0.015249729156494","0.121184110641479"
"0.0","-0.1124267578125","0.080810546875","-1.0931396484375","-0.014805555343628","-0.015249729156494","0.121184110641479"
"0.0","-0.1124267578125","0.080810546875","-1.0931396484375","-0.014805555343628","-0.015249729156494","0.121184110641479"
"0.0","-0.116943359375","0.0877685546875","-1.06884765625","-0.283970594406128","0.119332790374756","0.136137723922729"
"0.0","-0.116943359375","0.0877685546875","-1.06884765625","-0.283970594406128","0.119332790374756","0.136137723922729"
"0.0","-0.116943359375","0.0877685546875","-1.06884765625","-0.283970594406128","0.119332790374756","0.136137723922729"
"0.0","-0.116943359375","0.0877685546875","-1.06884765625","-0.037235975265503","-0.164785861968994","0.345488309860229"
"0.0","-0.116943359375","0.0877685546875","-1.06884765625","-0.037235975265503","-0.164785861968994","0.345488309860229"
"0.0","-0.116943359375","0.0877685546875","-1.06884765625","-0.037235975265503","-0.164785861968994","0.345488309860229"
"0.0","-0.116943359375","0.0877685546875","-1.10009765625","-0.037235975265503","-0.164785861968994","0.345488309860229"
"0.0","-0.128173828125","0.087890625","-1.0994873046875","-0.044712781906128","0.179147243499756","0.173521757125854"
"0.0","-0.128173828125","0.087890625","-1.0994873046875","-0.044712781906128","0.179147243499756","0.173521757125854"
"0.0","-0.128173828125","0.087890625","-1.0994873046875","-0.044712781906128","0.179147243499756","0.173521757125854"
"0.0","-0.128173828125","0.087890625","-1.0994873046875","-0.044712781906128","0.179147243499756","0.173521757125854"
"0.0","-0.128173828125","0.087890625","-1.0994873046875","0.224452257156372","0.306252956390381","0.345488309860229"
"0.0","-0.128173828125","0.087890625","-1.0994873046875","0.224452257156372","0.306252956390381","0.345488309860229"
"0.0","-0.128173828125","0.087890625","-1.0662841796875","0.224452257156372","0.306252956390381","0.345488309860229"
"0.0","-0.1297607421875","0.08837890625","-1.0662841796875","-0.112004041671753","-0.179739475250244","0.173521757125854"
"0.0","-0.1297607421875","0.08837890625","-1.0662841796875","-0.112004041671753","-0.179739475250244","0.173521757125854"
"0.0","-0.1297607421875","0.08837890625","-1.0662841796875","-0.112004041671753","-0.179739475250244","0.173521757125854"
"0.0","-0.1297607421875","0.08837890625","-1.0662841796875","-0.112004041671753","-0.179739475250244","0.173521757125854"
"0.0","-0.1297607421875","0.08837890625","-1.0662841796875","-0.067143201828003","0.066995143890381","0.225859403610229"
"0.0","-0.1297607421875","0.08837890625","-1.0662841796875","-0.067143201828003","0.066995143890381","0.225859403610229"
"0.0","-0.1297607421875","0.08837890625","-1.0662841796875","-0.067143201828003","0.066995143890381","0.225859403610229"
"0.0","-0.1343994140625","0.095703125","-1.0584716796875","-0.149388074874878","-0.269461154937744","-0.050782442092896"
"0.0","-0.1343994140625","0.076416015625","-1.0919189453125","-0.149388074874878","-0.269461154937744","-0.050782442092896"
"0.0","-0.1048583984375","0.076416015625","-1.0919189453125","-0.149388074874878","-0.269461154937744","-0.118073701858521"
"0.0","-0.1048583984375","0.076416015625","-1.0919189453125","-0.126957654953003","-0.134878635406494","-0.118073701858521"
"0.0","-0.1048583984375","0.076416015625","-1.0919189453125","-0.126957654953003","-0.134878635406494","-0.118073701858521"
"0.0","-0.1048583984375","0.076416015625","-1.0919189453125","-0.126957654953003","-0.134878635406494","-0.118073701858521"
"0.0","-0.1048583984375","0.076416015625","-1.0919189453125","-0.119480848312378","0.126809597015381","-0.140504121780396"
"0.0","-0.1048583984375","0.076416015625","-1.0919189453125","-0.119480848312378","0.126809597015381","-0.140504121780396"
"0.0","-0.1317138671875","0.0885009765625","-1.0850830078125","-0.119480848312378","0.126809597015381","-0.140504121780396"
"0.0","-0.1317138671875","0.0885009765625","-1.0850830078125","-0.119480848312378","0.126809597015381","-0.103120088577271"
"0.0","-0.1317138671875","0.0885009765625","-1.0850830078125","-0.014805555343628","0.156716823577881","-0.103120088577271"
"0.0","-0.1317138671875","0.0885009765625","-1.0850830078125","-0.014805555343628","0.156716823577881","-0.0"
"0.0","-0.1083984375","0.0792236328125","-1.0870361328125","-0.095644116401672","0.007995009422302","0.207722187042236"
"0.0","-0.1083984375","0.0792236328125","-1.0870361328125","0.076322436332703","-0.156494736671448","0.207722187042236"
"0.0","-0.1083984375","0.0792236328125","-1.0870361328125","0.076322436332703","-0.156494736671448","0.207722187042236"
"0.0","-0.1083984375","0.0792236328125","-1.0870361328125","0.076322436332703","-0.156494736671448","0.207722187042236"
"0.0","-0.1083984375","0.0863037109375","-1.070556640625","0.210904955863953","-0.044342637062073","-0.136210918426514"
"0.0","-0.1146240234375","0.0863037109375","-1.070556640625","0.210904955863953","-0.044342637062073","-0.136210918426514"
"0.0","-0.1146240234375","0.0863037109375","-1.070556640625","0.210904955863953","-0.044342637062073","-0.136210918426514"
"0.0","-0.1146240234375","0.0863037109375","-1.070556640625","0.270719408988953","0.112670302391052","-0.181071758270264"
"0.0","-0.1146240234375","0.0863037109375","-1.070556640625","0.270719408988953","0.112670302391052","-0.181071758270264"
"0.0","-0.1146240234375","0.0863037109375","-1.070556640625","0.270719408988953","0.112670302391052","-0.181071758270264"
"0.0","-0.1146240234375","0.0863037109375","-1.070556640625","0.270719408988953","0.112670302391052","-0.181071758270264"
"0.0","-0.123046875","0.082763671875","-1.0986328125","0.046415209770203","-0.051819443702698","-0.293223857879639"
"0.0","-0.123046875","0.082763671875","-1.0986328125","0.046415209770203","-0.051819443702698","-0.293223857879639"
"0.0","-0.123046875","0.082763671875","-1.0986328125","0.046415209770203","-0.051819443702698","-0.293223857879639"
"0.0","-0.123046875","0.082763671875","-1.0986328125","-0.095644116401672","0.000518202781677","-0.136210918426514"
"0.0","-0.123046875","0.082763671875","-1.0986328125","-0.095644116401672","0.000518202781677","-0.136210918426514"
"0.0","-0.123046875","0.082763671875","-1.0986328125","-0.095644116401672","0.000518202781677","-0.136210918426514"
"0.0","-0.123046875","0.082763671875","-1.0986328125","-0.095644116401672","0.000518202781677","-0.136210918426514"
"0.0","-0.1092529296875","0.0804443359375","-1.0740966796875","-0.073213696479797","0.097716689109802","-0.218455791473389"
"0.0","-0.1092529296875","0.0804443359375","-1.0740966796875","-0.073213696479797","0.097716689109802","-0.218455791473389"
"0.0","-0.1092529296875","0.0804443359375","-1.0740966796875","-0.073213696479797","0.097716689109802","-0.218455791473389"
"0.0","-0.1092529296875","0.0804443359375","-1.0740966796875","-1.987276196479797","0.022948622703552","-0.218455791473389"
"0.0","-0.1092529296875","0.0804443359375","-1.0740966796875","-0.432100415229797","0.022948622703552","-0.218455791473389"
"0.0","-0.1092529296875","0.0804443359375","-1.0740966796875","-0.432100415229797","0.022948622703552","-0.218455791473389"
"0.0","-0.1092529296875","0.0804443359375","-1.0740966796875","-0.432100415229797","0.022948622703552","-0.218455791473389"
"0.0","-0.1192626953125","0.0853271484375","-1.0809326171875","-0.200319409370422","-0.156494736671448","0.035755634307861"
"0.0","-0.1192626953125","0.0853271484375","-1.0809326171875","-0.200319409370422","-0.156494736671448","0.035755634307861"
"0.0","-0.1192626953125","0.0853271484375","-1.0809326171875","-0.200319409370422","-0.156494736671448","0.035755634307861"
"0.0","-0.1192626953125","0.0853271484375","-1.0809326171875","-0.200319409370422","-0.156494736671448","0.043232440948486"
"0.0","-0.1192626953125","0.0853271484375","-1.0809326171875","-0.304994702339172","-0.111633896827698","0.043232440948486"
"0.0","-0.1192626953125","0.0853271484375","-1.0809326171875","-0.304994702339172","-0.111633896827698","0.043232440948486"
"0.0","-0.1192626953125","0.0853271484375","-1.0809326171875","-0.304994702339172","-0.111633896827698","0.043232440948486"
"0.0","-0.1212158203125","0.08349609375","-1.089599609375","-0.207796216011047","-0.134064316749573","0.073139667510986"
"0.0","-0.1265869140625","0.0859375","-1.09375","-0.028352856636047","-0.096680283546448","0.020802021026611"
"0.0","-0.119873046875","0.08740234375","-1.0675048828125","-0.028352856636047","-0.096680283546448","0.020802021026611"
"0.0","-0.119873046875","0.08740234375","-1.0675048828125","-0.170412182807922","0.090239882469177","0.058186054229736"
"0.0","-0.119873046875","0.08740234375","-1.0675048828125","-0.170412182807922","0.090239882469177","0.058186054229736"
"0.0","-0.119873046875","0.08740234375","-1.0675048828125","-0.170412182807922","0.090239882469177","0.058186054229736"
"0.0","-0.119873046875","0.08740234375","-1.0675048828125","0.053892016410828","-0.081726670265198","-0.024058818817139"
"0.0","-0.119873046875","0.08740234375","-1.0675048828125","0.053892016410828","-0.081726670265198","-0.024058818817139"
"0.0","-0.119873046875","0.08740234375","-1.0675048828125","0.053892016410828","-0.081726670265198","-0.024058818817139"
"0.0","-0.1195068359375","0.0775146484375","-1.1019287109375","0.053892016410828","-0.081726670265198","-0.024058818817139"
"0.0","-0.1195068359375","0.0775146484375","-1.1019287109375","0.143613696098328","-0.313507676124573","-0.106303691864014"
"0.0","-0.1195068359375","0.0775146484375","-1.1019287109375","0.143613696098328","-0.313507676124573","-0.106303691864014"
"0.0","-0.1195068359375","0.0775146484375","-1.1019287109375","0.143613696098328","-0.313507676124573","-0.106303691864014"
"0.0","-0.1195068359375","0.0775146484375","-1.1019287109375","0.143613696098328","0.165007948875427","-0.053966045379639"
"0.0","-0.1195068359375","0.0775146484375","-1.1019287109375","0.098752856254578","0.165007948875427","-0.053966045379639"
"0.0","-0.1195068359375","0.0775146484375","-1.0750732421875","0.098752856254578","0.165007948875427","-0.053966045379639"
"0.0","-0.1029052734375","0.078125","-1.0750732421875","0.098752856254578","0.165007948875427","-0.053966045379639"
"0.0","-0.1029052734375","0.078125","-1.0750732421875","0.016507983207703","0.292113661766052","-0.024058818817139"
"0.0","-0.1029052734375","0.078125","-1.0750732421875","0.016507983207703","0.292113661766052","-0.024058818817139"
"0.0","-0.1029052734375","0.078125","-1.0750732421875","0.016507983207703","0.292113661766052","-0.024058818817139"
"0.0","-0.1029052734375","0.078125","-1.0750732421875","0.016507983207703","0.292113661766052","-0.016582012176514"
"0.0","-0.1029052734375","0.078125","-1.0750732421875","0.046415209770203","-0.021912217140198","-0.016582012176514"
"0.0","-0.1029052734375","0.078125","-1.0750732421875","0.046415209770203","-0.021912217140198","-0.016582012176514"
"0.0","-0.1253662109375","0.09130859375","-1.064453125","0.046415209770203","-0.021912217140198","-0.016582012176514"
"0.0","-0.1253662109375","0.09130859375","-1.064453125","-0.028352856636047","0.015471816062927","-0.053966045379639"
"0.0","-0.1253662109375","0.09130859375","-1.064453125","-0.028352856636047","0.015471816062927","-0.053966045379639"
"0.0","-0.1253662109375","0.09130859375","-1.064453125","-0.028352856636047","0.015471816062927","-0.053966045379639"
"0.0","-0.1253662109375","0.09130859375","-1.064453125","-0.028352856636047","0.015471816062927","-0.121257305145264"
"0.0","-0.1253662109375","0.09130859375","-1.064453125","-0.043306469917297","-0.186401963233948","-0.121257305145264"
"0.0","-0.1253662109375","0.09130859375","-1.0745849609375","-0.043306469917297","-0.186401963233948","-0.121257305145264"
"0.0","-0.1153564453125","0.083984375","-1.0745849609375","-0.043306469917297","-0.186401963233948","-0.121257305145264"
"0.0","-0.1153564453125","0.083984375","-1.0745849609375","-0.043306469917297","0.105193495750427","-0.240886211395264"
"0.0","-0.1153564453125","0.083984375","-1.0745849609375","0.076322436332703","0.105193495750427","-0.240886211395264"
"0.0","-0.1153564453125","0.083984375","-1.0745849609375","0.076322436332703","0.105193495750427","-0.240886211395264"
"0.0","-0.1241455078125","0.089111328125","-1.072265625","0.068845629692078","-0.201355576515198","0.162861347198486"
"0.0","-0.1241455078125","0.089111328125","-1.072265625","0.068845629692078","-0.201355576515198","0.162861347198486"
"0.0","-0.1241455078125","0.089111328125","-1.072265625","0.068845629692078","-0.201355576515198","0.162861347198486"
"0.0","-0.1241455078125","0.089111328125","-1.072265625","-0.192842602729797","0.187438368797302","0.252583026885986"
"0.0","-0.1146240234375","0.0810546875","-1.085693359375","-0.192842602729797","0.187438368797302","0.252583026885986"
"0.0","-0.1146240234375","0.0810546875","-1.085693359375","-0.192842602729797","0.187438368797302","0.252583026885986"
"0.0","-0.1146240234375","0.0810546875","-1.085693359375","-0.073213696479797","0.157531142234802","0.230152606964111"
"0.0","-0.1146240234375","0.0810546875","-1.085693359375","-0.073213696479797","0.157531142234802","0.230152606964111"
"0.0","-0.1146240234375","0.0810546875","-1.085693359375","-0.073213696479797","0.157531142234802","0.230152606964111"
"0.0","-0.1146240234375","0.0810546875","-1.085693359375","-0.073213696479797","0.157531142234802","0.230152606964111"
"0.0","-0.1146240234375","0.0810546875","-1.085693359375","0.023984789848328","0.172484755516052","0.050709247589111"
"0.0","-0.1162109375","0.0821533203125","-1.08984375","0.023984789848328","0.172484755516052","0.050709247589111"
"0.0","-0.1162109375","0.0821533203125","-1.08984375","0.023984789848328","0.172484755516052","0.050709247589111"
"0.0","-0.1162109375","0.0821533203125","-1.08984375","0.158567309379578","-0.029389023780823","-0.106303691864014"
"0.0","-0.1162109375","0.0821533203125","-1.08984375","0.158567309379578","-0.029389023780823","-0.106303691864014"
"0.0","-0.1162109375","0.0821533203125","-1.08984375","0.158567309379578","-0.029389023780823","-0.106303691864014"
"0.0","-0.1162109375","0.0821533203125","-1.08984375","0.158567309379578","-0.029389023780823","-0.106303691864014"
"0.0","-0.1162109375","0.0821533203125","-1.08984375","0.143613696098328","-0.126587510108948","-0.046489238739014"
"0.0","-0.13134765625","0.0849609375","-1.09716796875","0.143613696098328","-0.126587510108948","-0.046489238739014"
"0.0","-0.13134765625","0.0849609375","-1.09716796875","0.143613696098328","-0.126587510108948","-0.046489238739014"
"0.0","-0.13134765625","0.0849609375","-1.09716796875","0.143613696098328","-0.119110703468323","-0.098826885223389"
"0.0","-0.13134765625","0.0849609375","-1.09716796875","-0.357332348823547","-0.119110703468323","-0.098826885223389"
"0.0","-0.13134765625","0.0849609375","-1.09716796875","-0.357332348823547","-0.119110703468323","-0.098826885223389"
"0.0","-0.13134765625","0.0849609375","-1.09716796875","-0.357332348823547","-0.119110703468323","-0.098826885223389"
"0.0","-0.13134765625","0.0849609375","-1.03466796875","-0.282564282417297","-0.089203476905823","0.162861347198486"
"0.0","-0.110107421875","0.087646484375","-1.0457763671875","-0.282564282417297","-0.089203476905823","0.162861347198486"
"0.0","-0.110107421875","0.087646484375","-1.0457763671875","-0.282564282417297","-0.089203476905823","0.162861347198486"
"0.0","-0.110107421875","0.087646484375","-1.0457763671875","-0.282564282417297","-0.089203476905823","0.162861347198486"
"0.0","-0.110107421875","0.087646484375","-1.0457763671875","-0.215273022651672","0.000518202781677","0.162861347198486"
"0.0","-0.110107421875","0.087646484375","-1.0457763671875","-0.215273022651672","0.000518202781677","0.162861347198486"
"0.0","-0.110107421875","0.087646484375","-1.0457763671875","-0.215273022651672","0.000518202781677","0.162861347198486"
"0.0","-0.110107421875","0.087646484375","-1.0457763671875","-0.215273022651672","0.000518202781677","-0.061442852020264"
"0.0","-0.110107421875","0.0845947265625","-1.057861328125","-0.312471508979797","0.307067275047302","-0.061442852020264"
"0.0","-0.110107421875","0.0845947265625","-1.057861328125","-0.312471508979797","0.307067275047302","-0.061442852020264"
"0.0","-0.121826171875","0.084716796875","-1.0927734375","-0.364809155464172","-0.261170029640198","-0.061442852020264"
"0.0","-0.121826171875","0.084716796875","-1.0927734375","-0.230226635932922","-0.208832383155823","0.028278827667236"
"0.0","-0.121826171875","0.084716796875","-1.0927734375","-0.230226635932922","-0.208832383155823","0.028278827667236"
"0.0","-0.121826171875","0.084716796875","-1.0927734375","-0.230226635932922","-0.208832383155823","0.028278827667236"
"0.0","-0.121826171875","0.085205078125","-1.09130859375","-0.230226635932922","-0.066773056983948","0.020802021026611"
"0.0","-0.1295166015625","0.085205078125","-1.09130859375","0.106229662895203","-0.066773056983948","0.020802021026611"
"0.0","-0.1295166015625","0.085205078125","-1.09130859375","0.106229662895203","-0.066773056983948","0.020802021026611"
"0.0","-0.1295166015625","0.085205078125","-1.09130859375","0.106229662895203","-0.066773056983948","0.020802021026611"
"0.0","-0.1295166015625","0.085205078125","-1.09130859375","-0.312471508979797","-0.425659775733948","-0.203502178192139"
"0.0","-0.1295166015625","0.085205078125","-1.09130859375","-0.312471508979797","-0.425659775733948","-0.203502178192139"
"0.0","-0.1295166015625","0.085205078125","-1.09130859375","-0.312471508979797","-0.425659775733948","-0.203502178192139"
"0.0","-0.1295166015625","0.0838623046875","-1.081787109375","-0.312471508979797","-0.425659775733948","-0.203502178192139"
"0.0","-0.1151123046875","0.0838623046875","-1.081787109375","-0.020876049995422","-0.074249863624573","0.132954120635986"
"0.0","-0.1151123046875","0.0838623046875","-1.081787109375","-0.020876049995422","-0.074249863624573","0.132954120635986"
"0.0","-0.1151123046875","0.0838623046875","-1.081787109375","-0.020876049995422","-0.074249863624573","0.132954120635986"
"0.0","-0.1151123046875","0.0838623046875","-1.081787109375","0.098752856254578","-0.104157090187073","0.065662860870361"
"0.0","-0.1151123046875","0.0838623046875","-1.081787109375","0.098752856254578","-0.104157090187073","0.065662860870361"
"0.0","-0.1151123046875","0.0838623046875","-1.081787109375","0.098752856254578","-0.104157090187073","0.065662860870361"
"0.0","-0.108154296875","0.0810546875","-1.06640625","0.098752856254578","-0.104157090187073","0.065662860870361"
"0.0","-0.108154296875","0.0810546875","-1.06640625","-0.035829663276672","-0.208832383155823","-0.143687725067139"
"0.0","-0.108154296875","0.0810546875","-1.06640625","-0.035829663276672","-0.208832383155823","-0.143687725067139"
"0.0","-0.108154296875","0.0810546875","-1.06640625","-0.035829663276672","-0.208832383155823","-0.143687725067139"
"0.0","-0.108154296875","0.0810546875","-1.06640625","-0.035829663276672","0.112670302391052","-0.046489238739014"
"0.0","-0.108154296875","0.0810546875","-1.06640625","-0.521822094917297","0.112670302391052","-0.046489238739014"
"0.0","-0.108154296875","0.0810546875","-1.06640625","-0.521822094917297","0.112670302391052","-0.046489238739014"
"0.0","-0.1156005859375","0.080810546875","-1.095947265625","-0.521822094917297","0.112670302391052","-0.046489238739014"
"0.0","-0.1156005859375","0.080810546875","-1.095947265625","-0.177888989448547","0.150054335594177","-0.001628398895264"
"0.0","-0.1156005859375","0.080810546875","-1.095947265625","-0.177888989448547","0.150054335594177","-0.001628398895264"
"0.0","-0.1156005859375","0.080810546875","-1.095947265625","-0.177888989448547","0.150054335594177","-0.001628398895264"
"0.0","-0.1156005859375","0.080810546875","-1.095947265625","-0.177888989448547","0.150054335594177","-0.240886211395264"
"0.0","-0.1156005859375","0.080810546875","-1.095947265625","0.068845629692078","-0.178925156593323","-0.240886211395264"
"0.0","-0.1156005859375","0.080810546875","-1.095947265625","0.068845629692078","-0.178925156593323","-0.240886211395264"
"0.0","-0.1224365234375","0.0823974609375","-1.091552734375","0.068845629692078","-0.178925156593323","-0.240886211395264"
"0.0","-0.1224365234375","0.0823974609375","-1.091552734375","0.068845629692078","-0.029389023780823","-0.046489238739014"
"0.0","-0.1224365234375","0.0823974609375","-1.091552734375","-0.043306469917297","-0.029389023780823","-0.046489238739014"
"0.0","-0.123779296875","0.08349609375","-1.0892333984375","-0.155458569526672","-0.156494736671448","-0.024058818817139"
"0.0","-0.123779296875","0.08349609375","-1.0892333984375","-0.155458569526672","-0.156494736671448","-0.024058818817139"
"0.0","-0.123779296875","0.08349609375","-1.0892333984375","-0.155458569526672","-0.156494736671448","0.035755634307861"
"0.0","-0.123779296875","0.08349609375","-1.0892333984375","-0.013399243354797","-0.201355576515198","0.035755634307861"
"0.0","-0.123779296875","0.08349609375","-1.0936279296875","-0.013399243354797","-0.201355576515198","0.035755634307861"
"0.0","-0.1341552734375","0.0914306640625","-1.0936279296875","-0.013399243354797","-0.201355576515198","0.035755634307861"
"0.0","-0.1341552734375","0.0914306640625","-1.0936279296875","0.323057055473328","-0.253693222999573","-0.039012432098389"
"0.0","-0.1341552734375","0.0914306640625","-1.0936279296875","0.323057055473328","-0.253693222999573","-0.039012432098389"
"0.0","-0.1341552734375","0.0914306640625","-1.0936279296875","0.323057055473328","-0.253693222999573","-0.039012432098389"
"0.0","-0.1341552734375","0.0914306640625","-1.0936279296875","0.323057055473328","-0.253693222999573","-0.039012432098389"
"0.0","-0.1341552734375","0.0914306640625","-1.0936279296875","-0.028352856636047","0.030425429344177","-0.113780498504639"
"0.0","-0.1341552734375","0.0914306640625","-1.0936279296875","-0.028352856636047","0.030425429344177","-0.113780498504639"
"0.0","-0.1273193359375","0.08642578125","-1.08349609375","-0.028352856636047","0.030425429344177","-0.113780498504639"
"0.0","-0.1273193359375","0.08642578125","-1.08349609375","-0.028352856636047","0.030425429344177","-0.143687725067139"
"0.0","-0.1273193359375","0.08642578125","-1.08349609375","0.016507983207703","0.209868788719177","-0.143687725067139"
"0.0","-0.1273193359375","0.08642578125","-1.08349609375","0.016507983207703","0.209868788719177","-0.143687725067139"
"0.0","-0.1273193359375","0.08642578125","-1.08349609375","0.016507983207703","0.209868788719177","-0.143687725067139"
"0.0","-0.1273193359375","0.08642578125","-1.08349609375","-0.110597729682922","0.142577528953552","-0.188548564910889"
"0.0","-0.1273193359375","0.0794677734375","-1.073486328125","-0.110597729682922","0.142577528953552","-0.188548564910889"
"0.0","-0.1004638671875","0.0794677734375","-1.073486328125","-0.110597729682922","0.142577528953552","-0.188548564910889"
"0.0","-0.1004638671875","0.0794677734375","-1.073486328125","-0.110597729682922","0.142577528953552","-0.203502178192139"
"0.0","-0.1004638671875","0.0794677734375","-1.073486328125","-0.409669995307922","-0.089203476905823","-0.203502178192139"
"0.0","-0.1004638671875","0.0794677734375","-1.073486328125","-0.409669995307922","-0.089203476905823","-0.203502178192139"
"0.0","-0.1004638671875","0.0794677734375","-1.073486328125","-0.409669995307922","-0.089203476905823","-0.203502178192139"
"0.0","-0.1004638671875","0.0794677734375","-1.073486328125","-0.065736889839172","-0.186401963233948","0.170338153839111"
"0.0","-0.1004638671875","0.0838623046875","-1.0748291015625","-0.065736889839172","-0.186401963233948","0.170338153839111"
"0.0","-0.119873046875","0.0838623046875","-1.0748291015625","-0.065736889839172","-0.186401963233948","0.170338153839111"
"0.0","-0.119873046875","0.0838623046875","-1.0748291015625","-0.065736889839172","-0.186401963233948","0.170338153839111"
"0.0","-0.119873046875","0.0838623046875","-1.0748291015625","-0.133028149604797","0.007995009422302","0.252583026885986"
"0.0","-0.119873046875","0.0838623046875","-1.0748291015625","-0.133028149604797","0.007995009422302","0.252583026885986"
"0.0","-0.119873046875","0.0838623046875","-1.0748291015625","-0.133028149604797","0.007995009422302","0.252583026885986"
"0.0","-0.119873046875","0.0838623046875","-1.0748291015625","-0.133028149604797","0.007995009422302","-0.076396465301514"
"0.0","-0.119873046875","0.0838623046875","-1.101806640625","0.225858569145203","-0.193878769874573","-0.076396465301514"
"0.0","-0.1124267578125","0.080810546875","-1.0740966796875","-0.043306469917297","-0.029389023780823","0.050709247589111"
"0.0","-0.1124267578125","0.0865478515625","-1.052490234375","-0.267610669136047","0.030425429344177","0.050709247589111"
"0.0","-0.115234375","0.0865478515625","-1.052490234375","-0.267610669136047","0.030425429344177","0.050709247589111"
"0.0","-0.115234375","0.0865478515625","-1.052490234375","-0.267610669136047","0.030425429344177","0.050709247589111"
"0.0","-0.115234375","0.0865478515625","-1.052490234375","-0.035829663276672","0.037902235984802","0.170338153839111"
"0.0","-0.115234375","0.0865478515625","-1.052490234375","-0.035829663276672","0.037902235984802","0.170338153839111"
"0.0","-0.115234375","0.0865478515625","-1.052490234375","-0.035829663276672","0.037902235984802","0.170338153839111"
"0.0","-0.115234375","0.0865478515625","-1.052490234375","-0.035829663276672","0.037902235984802","0.170338153839111"
"0.0","-0.1119384765625","0.0833740234375","-1.08740234375","0.106229662895203","0.007995009422302","-0.098826885223389"
"0.0","-0.1119384765625","0.0833740234375","-1.08740234375","0.106229662895203","0.007995009422302","-0.098826885223389"
"0.0","-0.1119384765625","0.0833740234375","-1.08740234375","0.106229662895203","0.007995009422302","-0.098826885223389"
"0.0","-0.1119384765625","0.0833740234375","-1.08740234375","0.106229662895203","0.187438368797302","-0.076396465301514"
"0.0","-0.1119384765625","0.0833740234375","-1.08740234375","0.016507983207703","0.187438368797302","-0.076396465301514"
"0.0","-0.1119384765625","0.0833740234375","-1.08740234375","0.016507983207703","0.187438368797302","-0.076396465301514"
"0.0","-0.1119384765625","0.0833740234375","-1.08740234375","0.016507983207703","0.187438368797302","-0.076396465301514"
"0.0","-0.118896484375","0.086181640625","-1.0748291015625","0.136136889457703","0.075286269187927","-0.031535625457764"
"0.0","-0.118896484375","0.086181640625","-1.0748291015625","0.136136889457703","0.075286269187927","-0.031535625457764"
"0.0","-0.118896484375","0.086181640625","-1.0748291015625","0.136136889457703","0.075286269187927","-0.031535625457764"
"0.0","-0.118896484375","0.086181640625","-1.0748291015625","0.136136889457703","0.165007948875427","0.058186054229736"
"0.0","-0.118896484375","0.086181640625","-1.0748291015625","-0.103120923042297","0.165007948875427","0.058186054229736"
"0.0","-0.118896484375","0.086181640625","-1.0748291015625","-0.103120923042297","0.165007948875427","0.058186054229736"
"0.0","-0.118896484375","0.086181640625","-1.0748291015625","-0.103120923042297","0.165007948875427","0.058186054229736"
"0.0","-0.121337890625","0.079345703125","-1.1124267578125","-0.192842602729797","-0.231262803077698","0.050709247589111"
"0.0","-0.121337890625","0.079345703125","-1.1124267578125","-0.192842602729797","-0.231262803077698","0.050709247589111"
"0.0","-0.121337890625","0.079345703125","-1.1124267578125","-0.192842602729797","-0.231262803077698","0.050709247589111"
"0.0","-0.121337890625","0.079345703125","-1.1124267578125","-0.192842602729797","-0.231262803077698","-0.061442852020264"
"0.0","-0.121337890625","0.079345703125","-1.1124267578125","-0.245180249214172","-0.171448349952698","-0.061442852020264"
"0.0","-0.121337890625","0.079345703125","-1.1124267578125","-0.245180249214172","-0.171448349952698","-0.061442852020264"
"0.0","-0.121337890625","0.079345703125","-1.1124267578125","-0.245180249214172","-0.171448349952698","-0.061442852020264"
"0.0","-0.1287841796875","0.086669921875","-1.101806640625","-0.073213696479797","-0.014435410499573","-0.113780498504639"
"0.0","-0.1287841796875","0.086669921875","-1.101806640625","-0.073213696479797","-0.014435410499573","-0.113780498504639"
"0.0","-0.1287841796875","0.086669921875","-1.101806640625","-0.073213696479797","-0.014435410499573","-0.113780498504639"
"0.0","-0.1287841796875","0.086669921875","-1.101806640625","-0.073213696479797","-0.014435410499573","-0.113780498504639"
"0.0","-0.1287841796875","0.086669921875","-1.101806640625","0.143613696098328","0.090239882469177","-0.143687725067139"
"0.0","-0.1287841796875","0.086669921875","-1.101806640625","0.143613696098328","0.090239882469177","-0.143687725067139"
"0.0","-0.1134033203125","0.0814208984375","-1.096435546875","0.233335375785828","0.067809462547302","0.005848407745361"
"0.0","-0.1134033203125","0.0814208984375","-1.065185546875","0.233335375785828","0.067809462547302","0.005848407745361"
"0.0","-0.11279296875","0.082275390625","-1.0718994140625","0.233335375785828","0.067809462547302","0.005848407745361"
"0.0","-0.11279296875","0.082275390625","-1.0718994140625","-0.103120923042297","0.194915175437927","0.005848407745361"
"0.0","-0.11279296875","0.082275390625","-1.0718994140625","-0.103120923042297","0.194915175437927","0.005848407745361"
"0.0","-0.11279296875","0.082275390625","-1.0718994140625","-0.103120923042297","0.194915175437927","0.005848407745361"
"0.0","-0.11279296875","0.082275390625","-1.0718994140625","0.180997729301453","-0.096680283546448","0.058186054229736"
"0.0","-0.11279296875","0.082275390625","-1.0718994140625","0.180997729301453","-0.096680283546448","0.058186054229736"
"0.0","-0.11279296875","0.082275390625","-1.068603515625","0.180997729301453","-0.096680283546448","0.058186054229736"
"0.0","-0.11279296875","0.0843505859375","-1.068603515625","0.180997729301453","-0.096680283546448","0.058186054229736"
"0.0","-0.11279296875","0.0843505859375","-1.068603515625","0.023984789848328","-0.081726670265198","-0.009105205535889"
"0.0","-0.11279296875","0.0843505859375","-1.068603515625","0.023984789848328","-0.081726670265198","-0.009105205535889"
"0.0","-0.11279296875","0.0843505859375","-1.068603515625","0.023984789848328","-0.081726670265198","-0.009105205535889"
"0.0","-0.11279296875","0.0843505859375","-1.068603515625","-0.147981762886047","-0.298554062843323","-0.248363018035889"
"0.0","-0.11279296875","0.0843505859375","-1.068603515625","-0.147981762886047","-0.298554062843323","-0.248363018035889"
"0.0","-0.1226806640625","0.08740234375","-1.0704345703125","-0.147981762886047","-0.298554062843323","-0.248363018035889"
"0.0","-0.1226806640625","0.08740234375","-1.0704345703125","-0.147981762886047","-0.298554062843323","-0.248363018035889"
"0.0","-0.1226806640625","0.08740234375","-1.0704345703125","-0.080690503120422","-0.096680283546448","-0.031535625457764"
"0.0","-0.1226806640625","0.08740234375","-1.0704345703125","-0.080690503120422","-0.096680283546448","-0.031535625457764"
"0.0","-0.1226806640625","0.08740234375","-1.0704345703125","-0.080690503120422","-0.096680283546448","-0.031535625457764"
"0.0","-0.1226806640625","0.08740234375","-1.0704345703125","-0.080690503120422","-0.096680283546448","-0.143687725067139"
"0.0","-0.1226806640625","0.08740234375","-1.0704345703125","-0.035829663276672","-0.066773056983948","-0.143687725067139"
"0.0","-0.1226806640625","0.0848388671875","-1.057861328125","-0.035829663276672","-0.066773056983948","-0.143687725067139"
"0.0","-0.111328125","0.0848388671875","-1.057861328125","-0.035829663276672","-0.066773056983948","-0.143687725067139"
"0.0","-0.111328125","0.0848388671875","-1.057861328125","0.136136889457703","0.127623915672302","-0.285747051239014"
"0.0","-0.111328125","0.0848388671875","-1.057861328125","0.136136889457703","0.127623915672302","-0.285747051239014"
"0.0","-0.111328125","0.0848388671875","-1.057861328125","0.136136889457703","0.127623915672302","-0.285747051239014"
"0.0","-0.111328125","0.0848388671875","-1.057861328125","0.136136889457703","0.127623915672302","-0.285747051239014"
"0.0","-0.111328125","0.0848388671875","-1.057861328125","0.016507983207703","0.112670302391052","-0.240886211395264"
"0.0","-0.1328125","0.0889892578125","-1.0897216796875","0.016507983207703","0.112670302391052","-0.240886211395264"
"0.0","-0.1328125","0.0889892578125","-1.0897216796875","0.016507983207703","0.112670302391052","-0.240886211395264"
"0.0","-0.1328125","0.0889892578125","-1.0897216796875","0.016507983207703","0.202391982078552","-0.128734111785889"
"0.0","-0.1328125","0.0889892578125","-1.0897216796875","0.113706469535828","0.202391982078552","-0.128734111785889"
"0.0","-0.11669921875","0.0855712890625","-1.0738525390625","0.128660082817078","-0.096680283546448","0.005848407745361"
"0.0","-0.11669921875","0.0855712890625","-1.0738525390625","0.382871508598328","-0.096680283546448","0.005848407745361"
"0.0","-0.11669921875","0.0855712890625","-1.0738525390625","0.382871508598328","-0.096680283546448","0.005848407745361"
"0.0","-0.11669921875","0.0855712890625","-1.0738525390625","0.382871508598328","-0.096680283546448","0.005848407745361"
"0.0","-0.11669921875","0.0855712890625","-1.0738525390625","0.308103442192078","0.007995009422302","-0.016582012176514"
"0.0","-0.1134033203125","0.079833984375","-1.0933837890625","0.308103442192078","0.007995009422302","-0.016582012176514"
"0.0","-0.1134033203125","0.079833984375","-1.0933837890625","0.308103442192078","0.007995009422302","-0.016582012176514"
"0.0","-0.1134033203125","0.079833984375","-1.0933837890625","0.308103442192078","0.217345595359802","0.035755634307861"
"0.0","-0.1134033203125","0.079833984375","-1.0933837890625","-0.252657055854797","0.217345595359802","0.035755634307861"
"0.0","-0.1134033203125","0.079833984375","-1.0933837890625","-0.252657055854797","0.217345595359802","0.035755634307861"
"0.0","-0.1134033203125","0.079833984375","-1.0933837890625","-0.252657055854797","0.217345595359802","0.035755634307861"
"0.0","-0.1134033203125","0.079833984375","-1.0933837890625","-0.327425122261047","-0.059296250343323","-0.196025371551514"
"0.0","-0.1162109375","0.0799560546875","-1.11083984375","-0.327425122261047","-0.059296250343323","-0.196025371551514"
"0.0","-0.1162109375","0.0799560546875","-1.11083984375","-0.327425122261047","-0.059296250343323","-0.196025371551514"
"0.0","-0.1162109375","0.0799560546875","-1.11083984375","-0.327425122261047","-0.059296250343323","-0.293223857879639"
"0.0","-0.1162109375","0.0799560546875","-1.11083984375","0.218381762504578","-0.373322129249573","-0.293223857879639"
"0.0","-0.1162109375","0.0799560546875","-1.11083984375","0.218381762504578","-0.373322129249573","-0.293223857879639"
"0.0","-0.1162109375","0.0799560546875","-1.11083984375","0.218381762504578","-0.373322129249573","-0.293223857879639"
"0.0","-0.1162109375","0.0799560546875","-1.11083984375","-0.140504956245422","-0.074249863624573","0.020802021026611"
"0.0","-0.129638671875","0.0888671875","-1.08203125","-0.140504956245422","-0.074249863624573","0.020802021026611"
